fk_id_show_catalog,fk_id_director
1,1
10,2
100,3
1000,4
1001,5
1002,6
1003,7
1004,3
1005,3
1006,3
1007,8
1008,8
1009,8
101,3
1010,9
1011,3
1012,3
1013,3
1014,10
1015,3
1016,11
1017,12
1018,13
1019,14
102,15
1020,16
1021,17
1022,18
1023,19
1024,20
1025,21
1026,3
1027,22
1028,23
1029,3
103,24
1030,25
1031,26
1032,27
1033,3
1034,28
1035,29
1036,30
1037,31
1038,32
1039,3
104,33
1040,34
1041,3
1042,35
1043,36
1044,3
1045,3
1046,3
1047,37
1048,3
1049,3
105,3
1050,3
1051,38
1052,3
1053,39
1054,40
1055,41
1056,42
1057,3
1058,3
1059,3
106,43
1060,3
1061,3
1062,3
1063,3
1064,3
1065,3
1066,3
1067,44
1068,45
1069,3
107,3
1070,46
1071,47
1072,8
1073,8
1074,8
1075,8
1076,48
1077,8
1078,8
1079,8
108,49
1080,3
1081,50
1082,3
1083,3
1084,51
1085,3
1086,52
1087,53
1088,54
1089,55
109,3
1090,56
1091,57
1092,3
1093,3
1094,3
1095,3
1096,3
1097,58
1098,59
1099,60
11,3
110,3
1100,61
1101,62
1102,63
1103,64
1104,65
1105,66
1106,67
1107,68
1108,69
1109,70
111,71
1110,72
1111,73
1112,74
1113,75
1114,76
1115,77
1116,78
1117,3
1118,79
1119,80
112,3
1120,81
1121,82
1122,83
1123,84
1124,3
1125,85
1126,3
1127,86
1128,3
1129,87
113,88
1130,3
1131,89
1132,89
1133,89
1134,90
1135,91
1136,92
1137,93
1138,94
1139,95
114,96
1140,97
1141,98
1142,99
1143,100
1144,3
1145,101
1146,102
1147,103
1148,104
1149,3
115,105
1150,3
1151,106
1152,107
1153,3
1154,108
1155,109
1156,110
1157,111
1158,3
1159,3
116,112
1160,113
1161,114
1162,3
1163,115
1164,3
1165,116
1166,117
1167,3
1168,118
1169,3
117,119
1170,3
1171,120
1172,121
1173,122
1174,123
1175,3
1176,124
1177,125
1178,126
1179,127
118,128
1180,3
1181,3
1182,3
1183,3
1184,129
1185,130
1186,131
1187,3
1188,132
1189,133
119,134
1190,135
1191,136
1192,137
1193,138
1194,41
1195,139
1196,140
1197,141
1198,142
1199,143
12,144
120,145
1200,146
1201,3
1202,3
1203,147
1204,148
1205,149
1206,3
1207,3
1208,150
1209,151
121,3
1210,152
1211,3
1212,153
1213,154
1214,3
1215,155
1216,156
1217,157
1218,3
1219,158
122,3
1220,159
1221,160
1222,161
1223,162
1224,163
1225,3
1226,3
1227,3
1228,3
1229,164
123,112
1230,3
1231,165
1232,3
1233,166
1234,167
1235,168
1236,3
1237,169
1238,170
1239,3
124,3
1240,171
1241,172
1242,173
1243,174
1244,175
1245,176
1246,3
1247,177
1248,89
1249,178
125,3
1250,179
1251,180
1252,181
1253,182
1254,183
1255,184
1256,89
1257,185
1258,3
1259,186
126,3
1260,187
1261,188
1262,189
1263,3
1264,190
1265,191
1266,192
1267,189
1268,193
1269,3
127,194
1270,195
1271,3
1272,3
1273,3
1274,196
1275,3
1276,3
1277,197
1278,3
1279,135
128,198
1280,199
1281,200
1282,201
1283,3
1284,80
1285,80
1286,3
1287,202
1288,3
1289,203
129,204
1290,205
1291,206
1292,207
1293,208
1294,209
1295,3
1296,210
1297,3
1298,211
1299,3
13,212
130,172
1300,3
1301,3
1302,3
1303,3
1304,213
1305,214
1306,215
1307,3
1308,216
1309,3
131,217
1310,218
1311,3
1312,219
1313,220
1314,3
1315,3
1316,221
1317,222
1318,3
1319,223
132,224
1320,225
1321,3
1322,3
1323,226
1324,227
1325,228
1326,229
1327,230
1328,228
1329,231
133,3
1330,232
1331,233
1332,3
1333,3
1334,234
1335,235
1336,3
1337,236
1338,237
1339,3
134,238
1340,3
1341,239
1342,240
1343,241
1344,242
1345,243
1346,244
1347,245
1348,246
1349,3
135,247
1350,3
1351,3
1352,248
1353,3
1354,249
1355,3
1356,3
1357,3
1358,250
1359,251
136,252
1360,253
1361,254
1362,3
1363,3
1364,3
1365,255
1366,3
1367,256
1368,257
1369,258
137,259
1370,260
1371,261
1372,3
1373,262
1374,3
1375,263
1376,3
1377,264
1378,3
1379,265
138,266
1380,267
1381,3
1382,268
1383,269
1384,3
1385,3
1386,3
1387,270
1388,271
1389,272
139,172
1390,273
1391,274
1392,275
1393,3
1394,276
1395,3
1396,3
1397,277
1398,278
1399,279
14,280
140,281
1400,282
1401,3
1402,3
1403,3
1404,283
1405,3
1406,284
1407,285
1408,286
1409,3
141,287
1410,288
1411,289
1412,290
1413,291
1414,292
1415,293
1416,294
1417,295
1418,296
1419,297
142,298
1420,299
1421,300
1422,301
1423,302
1424,303
1425,304
1426,3
1427,302
1428,3
1429,305
143,306
1430,3
1431,3
1432,3
1433,307
1434,308
1435,309
1436,310
1437,311
1438,3
1439,312
144,313
1440,3
1441,3
1442,314
1443,3
1444,3
1445,315
1446,316
1447,317
1448,318
1449,3
145,319
1450,3
1451,320
1452,321
1453,322
1454,323
1455,324
1456,3
1457,325
1458,3
1459,326
146,327
1460,328
1461,3
1462,329
1463,3
1464,330
1465,331
1466,3
1467,3
1468,332
1469,333
147,334
1470,172
1471,335
1472,3
1473,336
1474,3
1475,337
1476,338
1477,3
1478,3
1479,3
148,3
1480,339
1481,3
1482,340
1483,3
1484,3
1485,341
1486,342
1487,343
1488,3
1489,344
149,345
1490,3
1491,346
1492,347
1493,3
1494,348
1495,349
1496,350
1497,351
1498,352
1499,353
15,3
150,354
1500,355
1501,356
1502,357
1503,358
1504,3
1505,359
1506,3
1507,3
1508,360
1509,3
151,361
1510,362
1511,363
1512,364
1513,365
1514,366
1515,3
1516,367
1517,3
1518,368
1519,3
152,369
1520,370
1521,371
1522,370
1523,370
1524,372
1525,373
1526,374
1527,375
1528,3
1529,3
153,376
1530,145
1531,377
1532,378
1533,379
1534,380
1535,381
1536,3
1537,382
1538,383
1539,3
154,3
1540,3
1541,384
1542,385
1543,386
1544,3
1545,387
1546,3
1547,3
1548,3
1549,3
155,3
1550,388
1551,389
1552,3
1553,3
1554,3
1555,3
1556,3
1557,390
1558,391
1559,392
156,393
1560,3
1561,394
1562,395
1563,3
1564,396
1565,397
1566,398
1567,26
1568,381
1569,381
157,399
1570,3
1571,3
1572,400
1573,3
1574,3
1575,3
1576,401
1577,402
1578,3
1579,3
158,403
1580,3
1581,404
1582,405
1583,109
1584,3
1585,142
1586,3
1587,406
1588,407
1589,408
159,409
1590,3
1591,3
1592,410
1593,411
1594,3
1595,3
1596,412
1597,3
1598,413
1599,414
16,3
160,415
1600,416
1601,417
1602,418
1603,419
1604,3
1605,420
1606,3
1607,421
1608,3
1609,422
161,3
1610,423
1611,28
1612,3
1613,255
1614,424
1615,3
1616,3
1617,425
1618,426
1619,3
162,427
1620,3
1621,428
1622,266
1623,3
1624,3
1625,28
1626,3
1627,429
1628,3
1629,3
163,319
1630,430
1631,431
1632,432
1633,433
1634,434
1635,3
1636,435
1637,436
1638,437
1639,3
164,438
1640,3
1641,3
1642,3
1643,439
1644,440
1645,441
1646,442
1647,443
1648,352
1649,444
165,445
1650,3
1651,362
1652,446
1653,447
1654,447
1655,69
1656,448
1657,28
1658,449
1659,3
166,3
1660,450
1661,451
1662,3
1663,452
1664,453
1665,349
1666,454
1667,455
1668,3
1669,3
167,456
1670,457
1671,3
1672,458
1673,3
1674,459
1675,460
1676,461
1677,462
1678,352
1679,459
168,463
1680,464
1681,192
1682,465
1683,352
1684,466
1685,3
1686,467
1687,468
1688,3
1689,3
169,469
1690,470
1691,471
1692,472
1693,3
1694,3
1695,473
1696,472
1697,3
1698,3
1699,3
17,474
170,475
1700,476
1701,218
1702,3
1703,477
1704,478
1705,479
1706,480
1707,481
1708,352
1709,3
171,482
1710,483
1711,484
1712,3
1713,485
1714,486
1715,97
1716,487
1717,3
1718,3
1719,3
172,488
1720,3
1721,489
1722,490
1723,3
1724,3
1725,3
1726,491
1727,3
1728,492
1729,493
173,494
1730,495
1731,3
1732,496
1733,375
1734,497
1735,498
1736,499
1737,500
1738,3
1739,3
174,501
1740,472
1741,3
1742,502
1743,503
1744,504
1745,505
1746,3
1747,3
1748,506
1749,3
175,507
1750,508
1751,3
1752,509
1753,509
1754,510
1755,3
1756,3
1757,3
1758,3
1759,3
176,511
1760,3
1761,3
1762,512
1763,513
1764,514
1765,146
1766,3
1767,3
1768,278
1769,515
177,516
1770,3
1771,389
1772,517
1773,518
1774,3
1775,519
1776,520
1777,521
1778,522
1779,3
178,523
1780,3
1781,524
1782,3
1783,3
1784,525
1785,526
1786,527
1787,528
1788,529
1789,530
179,531
1790,532
1791,3
1792,3
1793,533
1794,534
1795,535
1796,536
1797,537
1798,538
1799,539
18,3
180,540
1800,3
1801,541
1802,542
1803,543
1804,3
1805,3
1806,544
1807,545
1808,546
1809,547
181,548
1810,352
1811,549
1812,550
1813,551
1814,3
1815,552
1816,346
1817,90
1818,553
1819,554
182,3
1820,555
1821,554
1822,554
1823,553
1824,556
1825,557
1826,558
1827,553
1828,554
1829,3
183,559
1830,560
1831,561
1832,553
1833,562
1834,563
1835,3
1836,564
1837,565
1838,3
1839,566
184,475
1840,3
1841,567
1842,3
1843,568
1844,569
1845,570
1846,571
1847,572
1848,3
1849,3
185,3
1850,292
1851,573
1852,3
1853,3
1854,574
1855,3
1856,575
1857,576
1858,577
1859,578
186,15
1860,107
1861,3
1862,579
1863,580
1864,581
1865,3
1866,582
1867,536
1868,211
1869,3
187,3
1870,583
1871,584
1872,3
1873,585
1874,3
1875,586
1876,3
1877,587
1878,3
1879,3
188,3
1880,588
1881,589
1882,590
1883,591
1884,592
1885,593
1886,3
1887,594
1888,595
1889,596
189,597
1890,3
1891,3
1892,598
1893,599
1894,3
1895,3
1896,3
1897,600
1898,601
1899,602
19,603
190,3
1900,604
1901,605
1902,606
1903,607
1904,608
1905,609
1906,610
1907,3
1908,3
1909,3
191,611
1910,612
1911,3
1912,613
1913,614
1914,615
1915,3
1916,3
1917,616
1918,3
1919,3
192,617
1920,618
1921,619
1922,620
1923,3
1924,3
1925,621
1926,3
1927,622
1928,623
1929,3
193,624
1930,3
1931,625
1932,626
1933,3
1934,3
1935,627
1936,628
1937,629
1938,627
1939,630
194,3
1940,631
1941,464
1942,578
1943,631
1944,632
1945,579
1946,633
1947,634
1948,3
1949,3
195,3
1950,3
1951,635
1952,3
1953,3
1954,636
1955,3
1956,3
1957,3
1958,637
1959,3
196,638
1960,639
1961,640
1962,3
1963,641
1964,642
1965,643
1966,644
1967,644
1968,645
1969,643
197,646
1970,643
1971,647
1972,648
1973,649
1974,3
1975,650
1976,651
1977,652
1978,653
1979,3
198,3
1980,3
1981,3
1982,654
1983,655
1984,3
1985,312
1986,656
1987,655
1988,657
1989,3
199,658
1990,3
1991,3
1992,3
1993,659
1994,3
1995,3
1996,660
1997,661
1998,662
1999,663
2,3
20,3
200,664
2000,665
2001,666
2002,667
2003,3
2004,668
2005,669
2006,670
2007,3
2008,671
2009,3
201,672
2010,3
2011,673
2012,674
2013,3
2014,3
2015,675
2016,676
2017,677
2018,678
2019,678
202,679
2020,680
2021,681
2022,3
2023,682
2024,683
2025,684
2026,685
2027,686
2028,687
2029,688
203,689
2030,422
2031,690
2032,691
2033,3
2034,692
2035,693
2036,694
2037,695
2038,3
2039,696
204,697
2040,698
2041,3
2042,699
2043,3
2044,700
2045,3
2046,701
2047,702
2048,3
2049,703
205,624
2050,375
2051,704
2052,705
2053,706
2054,3
2055,3
2056,707
2057,708
2058,709
2059,3
206,710
2060,711
2061,546
2062,712
2063,3
2064,3
2065,3
2066,713
2067,3
2068,714
2069,3
207,715
2070,3
2071,3
2072,716
2073,717
2074,3
2075,718
2076,719
2077,720
2078,721
2079,3
208,722
2080,668
2081,723
2082,724
2083,725
2084,726
2085,727
2086,3
2087,3
2088,728
2089,729
209,730
2090,3
2091,731
2092,732
2093,733
2094,3
2095,734
2096,735
2097,3
2098,3
2099,3
21,736
210,730
2100,3
2101,737
2102,3
2103,3
2104,738
2105,739
2106,3
2107,3
2108,740
2109,741
211,742
2110,3
2111,743
2112,287
2113,3
2114,3
2115,744
2116,745
2117,746
2118,747
2119,3
212,748
2120,749
2121,750
2122,751
2123,3
2124,3
2125,3
2126,3
2127,16
2128,3
2129,752
213,3
2130,753
2131,754
2132,107
2133,755
2134,3
2135,3
2136,3
2137,3
2138,756
2139,660
214,3
2140,660
2141,3
2142,757
2143,758
2144,759
2145,3
2146,3
2147,760
2148,491
2149,3
215,761
2150,762
2151,763
2152,3
2153,3
2154,3
2155,764
2156,346
2157,3
2158,3
2159,3
216,722
2160,765
2161,3
2162,766
2163,3
2164,767
2165,768
2166,3
2167,435
2168,769
2169,3
217,770
2170,358
2171,3
2172,771
2173,772
2174,3
2175,3
2176,3
2177,773
2178,405
2179,3
218,730
2180,774
2181,3
2182,3
2183,775
2184,776
2185,3
2186,777
2187,778
2188,779
2189,780
219,3
2190,3
2191,3
2192,781
2193,3
2194,782
2195,783
2196,784
2197,785
2198,786
2199,787
22,3
220,3
2200,788
2201,789
2202,3
2203,790
2204,3
2205,791
2206,792
2207,793
2208,794
2209,448
221,3
2210,795
2211,796
2212,797
2213,3
2214,66
2215,798
2216,799
2217,800
2218,3
2219,3
222,801
2220,802
2221,803
2222,804
2223,3
2224,3
2225,805
2226,3
2227,3
2228,3
2229,806
223,807
2230,3
2231,3
2232,808
2233,809
2234,810
2235,811
2236,3
2237,3
2238,3
2239,3
224,812
2240,813
2241,814
2242,3
2243,815
2244,816
2245,817
2246,818
2247,3
2248,819
2249,820
225,3
2250,3
2251,821
2252,822
2253,823
2254,3
2255,3
2256,3
2257,824
2258,825
2259,3
226,3
2260,826
2261,827
2262,828
2263,829
2264,830
2265,831
2266,832
2267,833
2268,834
2269,835
227,3
2270,836
2271,710
2272,837
2273,838
2274,839
2275,840
2276,841
2277,601
2278,842
2279,843
228,844
2280,192
2281,676
2282,845
2283,846
2284,847
2285,848
2286,849
2287,850
2288,851
2289,99
229,253
2290,852
2291,853
2292,854
2293,3
2294,3
2295,855
2296,856
2297,857
2298,3
2299,3
23,858
230,859
2300,3
2301,860
2302,3
2303,861
2304,3
2305,862
2306,3
2307,3
2308,863
2309,864
231,865
2310,866
2311,199
2312,867
2313,866
2314,3
2315,868
2316,869
2317,870
2318,871
2319,3
232,872
2320,873
2321,3
2322,135
2323,3
2324,874
2325,856
2326,875
2327,876
2328,3
2329,877
233,3
2330,3
2331,878
2332,3
2333,879
2334,880
2335,3
2336,3
2337,876
2338,3
2339,881
234,882
2340,883
2341,883
2342,884
2343,885
2344,3
2345,886
2346,887
2347,3
2348,888
2349,889
235,3
2350,3
2351,890
2352,891
2353,3
2354,892
2355,893
2356,3
2357,894
2358,3
2359,895
236,896
2360,3
2361,636
2362,893
2363,3
2364,897
2365,898
2366,893
2367,893
2368,893
2369,893
237,899
2370,893
2371,900
2372,880
2373,901
2374,893
2375,902
2376,893
2377,893
2378,903
2379,3
238,899
2380,904
2381,905
2382,874
2383,906
2384,3
2385,3
2386,907
2387,607
2388,889
2389,3
239,899
2390,908
2391,3
2392,909
2393,910
2394,281
2395,3
2396,3
2397,3
2398,911
2399,912
24,599
240,899
2400,3
2401,3
2402,3
2403,913
2404,914
2405,3
2406,915
2407,3
2408,916
2409,3
241,917
2410,3
2411,52
2412,918
2413,919
2414,920
2415,921
2416,3
2417,922
2418,3
2419,923
242,3
2420,924
2421,459
2422,811
2423,3
2424,925
2425,736
2426,3
2427,3
2428,926
2429,927
243,3
2430,688
2431,928
2432,929
2433,3
2434,930
2435,931
2436,930
2437,932
2438,933
2439,743
244,3
2440,934
2441,3
2442,935
2443,936
2444,937
2445,3
2446,938
2447,939
2448,3
2449,940
245,941
2450,3
2451,3
2452,942
2453,3
2454,3
2455,943
2456,944
2457,945
2458,946
2459,947
246,3
2460,3
2461,893
2462,3
2463,3
2464,948
2465,948
2466,949
2467,3
2468,950
2469,951
247,952
2470,953
2471,954
2472,955
2473,3
2474,3
2475,57
2476,956
2477,3
2478,957
2479,958
248,959
2480,960
2481,961
2482,856
2483,962
2484,963
2485,964
2486,965
2487,3
2488,966
2489,967
249,3
2490,967
2491,968
2492,969
2493,970
2494,971
2495,972
2496,3
2497,973
2498,228
2499,974
25,975
250,976
2500,3
2501,977
2502,978
2503,936
2504,932
2505,979
2506,980
2507,980
2508,981
2509,3
251,982
2510,930
2511,979
2512,983
2513,934
2514,984
2515,3
2516,3
2517,985
2518,3
2519,3
252,986
2520,3
2521,987
2522,988
2523,560
2524,3
2525,3
2526,3
2527,3
2528,989
2529,3
253,990
2530,3
2531,3
2532,909
2533,909
2534,991
2535,992
2536,993
2537,994
2538,995
2539,996
254,997
2540,998
2541,759
2542,999
2543,3
2544,1000
2545,1001
2546,536
2547,3
2548,1002
2549,3
255,3
2550,1003
2551,1004
2552,3
2553,3
2554,1005
2555,3
2556,1006
2557,1007
2558,1008
2559,956
256,1009
2560,1010
2561,1011
2562,1012
2563,1013
2564,1014
2565,1015
2566,1016
2567,1017
2568,116
2569,3
257,1018
2570,3
2571,389
2572,1019
2573,389
2574,1020
2575,3
2576,3
2577,1021
2578,1022
2579,1023
258,997
2580,599
2581,3
2582,1024
2583,1025
2584,3
2585,1026
2586,3
2587,3
2588,1027
2589,3
259,1028
2590,1029
2591,3
2592,1030
2593,469
2594,1031
2595,1031
2596,1031
2597,1032
2598,1033
2599,3
26,3
260,1034
2600,3
2601,3
2602,280
2603,1035
2604,1036
2605,1037
2606,1038
2607,3
2608,1039
2609,3
261,3
2610,3
2611,1040
2612,3
2613,1041
2614,1042
2615,1043
2616,1044
2617,1045
2618,1046
2619,1047
262,280
2620,1048
2621,1038
2622,1038
2623,1049
2624,688
2625,1050
2626,632
2627,1051
2628,3
2629,3
263,1052
2630,1053
2631,743
2632,3
2633,251
2634,1054
2635,1055
2636,1056
2637,1057
2638,1058
2639,688
264,3
2640,3
2641,3
2642,3
2643,1059
2644,3
2645,1060
2646,3
2647,1061
2648,1061
2649,3
265,588
2650,292
2651,1062
2652,3
2653,1063
2654,1064
2655,746
2656,1065
2657,1066
2658,3
2659,3
266,3
2660,1067
2661,3
2662,3
2663,3
2664,1068
2665,3
2666,3
2667,3
2668,1069
2669,169
267,3
2670,3
2671,3
2672,1070
2673,1071
2674,796
2675,1072
2676,1073
2677,3
2678,1074
2679,1075
268,112
2680,1076
2681,1077
2682,1078
2683,1079
2684,1080
2685,3
2686,1081
2687,1082
2688,521
2689,1039
269,811
2690,3
2691,1083
2692,3
2693,3
2694,1084
2695,1085
2696,1086
2697,1087
2698,1088
2699,3
27,1089
270,3
2700,3
2701,1090
2702,1091
2703,1092
2704,1093
2705,1094
2706,1095
2707,1096
2708,1097
2709,3
271,1098
2710,1099
2711,3
2712,1100
2713,1101
2714,1102
2715,1103
2716,1104
2717,1105
2718,1106
2719,3
272,3
2720,1107
2721,1108
2722,1109
2723,1110
2724,1111
2725,1112
2726,1110
2727,1113
2728,3
2729,1114
273,3
2730,1115
2731,1116
2732,1116
2733,1117
2734,1118
2735,1116
2736,851
2737,3
2738,1119
2739,1120
274,1121
2740,3
2741,3
2742,1122
2743,3
2744,3
2745,1123
2746,1124
2747,3
2748,1125
2749,3
275,3
2750,1126
2751,1127
2752,3
2753,1128
2754,3
2755,1129
2756,1130
2757,1131
2758,1132
2759,1133
276,3
2760,3
2761,1134
2762,3
2763,773
2764,1135
2765,3
2766,3
2767,1136
2768,3
2769,1137
277,1138
2770,1139
2771,1140
2772,1141
2773,3
2774,1142
2775,3
2776,1143
2777,1144
2778,3
2779,1145
278,3
2780,3
2781,1146
2782,1147
2783,1148
2784,3
2785,3
2786,3
2787,1149
2788,3
2789,3
279,1150
2790,1151
2791,3
2792,3
2793,3
2794,3
2795,3
2796,1152
2797,1153
2798,3
2799,1154
28,249
280,1155
2800,1156
2801,1157
2802,1158
2803,3
2804,1159
2805,3
2806,1160
2807,1161
2808,3
2809,3
281,3
2810,1162
2811,1163
2812,1031
2813,1031
2814,1164
2815,1031
2816,1165
2817,3
2818,1166
2819,3
282,1167
2820,1168
2821,1169
2822,1170
2823,1171
2824,1172
2825,3
2826,3
2827,3
2828,3
2829,1173
283,994
2830,1174
2831,1175
2832,1176
2833,1177
2834,1178
2835,1179
2836,300
2837,513
2838,1180
2839,3
284,1181
2840,1182
2841,1183
2842,3
2843,1184
2844,1185
2845,1186
2846,1185
2847,1187
2848,1188
2849,1014
285,66
2850,981
2851,1189
2852,1190
2853,1191
2854,1192
2855,3
2856,3
2857,1193
2858,3
2859,1194
286,1195
2860,1196
2861,251
2862,1197
2863,1198
2864,39
2865,1199
2866,1200
2867,1201
2868,727
2869,3
287,3
2870,3
2871,3
2872,3
2873,3
2874,1183
2875,3
2876,3
2877,1202
2878,1203
2879,1204
288,1205
2880,139
2881,3
2882,813
2883,746
2884,3
2885,1206
2886,1207
2887,1208
2888,1209
2889,3
289,3
2890,1210
2891,1211
2892,3
2893,3
2894,3
2895,3
2896,1212
2897,1213
2898,1214
2899,1215
29,1216
290,3
2900,1217
2901,3
2902,1218
2903,3
2904,1219
2905,1220
2906,1221
2907,670
2908,1222
2909,1223
291,1224
2910,1225
2911,3
2912,1226
2913,1227
2914,1228
2915,1229
2916,1230
2917,16
2918,3
2919,1167
292,3
2920,1231
2921,3
2922,3
2923,3
2924,1232
2925,1233
2926,223
2927,3
2928,3
2929,1234
293,1235
2930,1236
2931,350
2932,3
2933,1237
2934,1238
2935,1239
2936,1240
2937,1241
2938,3
2939,3
294,1177
2940,1242
2941,1243
2942,3
2943,3
2944,1244
2945,3
2946,3
2947,1245
2948,1246
2949,1247
295,1248
2950,1249
2951,1250
2952,1251
2953,1252
2954,3
2955,1213
2956,1253
2957,1254
2958,883
2959,3
296,1255
2960,3
2961,1256
2962,1257
2963,1258
2964,1259
2965,3
2966,3
2967,3
2968,3
2969,1260
297,3
2970,883
2971,1261
2972,3
2973,1262
2974,879
2975,3
2976,1263
2977,3
2978,3
2979,1264
298,1265
2980,3
2981,3
2982,1266
2983,3
2984,3
2985,3
2986,1267
2987,165
2988,1268
2989,1269
299,167
2990,1270
2991,1271
2992,3
2993,3
2994,3
2995,3
2996,1272
2997,1273
2998,3
2999,3
3,169
30,83
300,1274
3000,1275
3001,3
3002,3
3003,1276
3004,1277
3005,1278
3006,3
3007,1279
3008,1280
3009,1281
301,1282
3010,1283
3011,3
3012,3
3013,3
3014,3
3015,1284
3016,3
3017,1285
3018,1286
3019,1287
302,464
3020,1288
3021,3
3022,1289
3023,1290
3024,1291
3025,3
3026,1292
3027,1293
3028,1294
3029,3
303,1295
3030,1064
3031,3
3032,1296
3033,1297
3034,3
3035,3
3036,3
3037,836
3038,3
3039,1298
304,1299
3040,3
3041,3
3042,90
3043,3
3044,1300
3045,1301
3046,3
3047,1302
3048,3
3049,992
305,1303
3050,3
3051,3
3052,1304
3053,3
3054,3
3055,1305
3056,3
3057,3
3058,1306
3059,1307
306,1308
3060,1309
3061,834
3062,1310
3063,1311
3064,3
3065,1014
3066,3
3067,3
3068,1312
3069,23
307,1313
3070,1314
3071,1304
3072,3
3073,1315
3074,1316
3075,3
3076,3
3077,3
3078,1317
3079,1318
308,1319
3080,3
3081,1320
3082,1321
3083,3
3084,3
3085,3
3086,3
3087,3
3088,3
3089,3
309,1322
3090,1323
3091,1324
3092,1325
3093,3
3094,1326
3095,1327
3096,3
3097,1328
3098,87
3099,1329
31,1330
310,3
3100,1331
3101,90
3102,1332
3103,1333
3104,3
3105,1334
3106,1335
3107,3
3108,1336
3109,3
311,1337
3110,1338
3111,1339
3112,3
3113,1039
3114,1340
3115,1341
3116,1039
3117,1342
3118,3
3119,1343
312,3
3120,3
3121,3
3122,1344
3123,3
3124,1345
3125,1346
3126,750
3127,1347
3128,3
3129,3
313,3
3130,3
3131,874
3132,1348
3133,1349
3134,1348
3135,1348
3136,1350
3137,12
3138,1351
3139,116
314,3
3140,1352
3141,1353
3142,1354
3143,1348
3144,1349
3145,860
3146,1355
3147,3
3148,1352
3149,3
315,1356
3150,1349
3151,1357
3152,1358
3153,1359
3154,1039
3155,1360
3156,1361
3157,1358
3158,1362
3159,1363
316,1364
3160,933
3161,1365
3162,1366
3163,1367
3164,1368
3165,1369
3166,3
3167,69
3168,768
3169,3
317,1370
3170,1371
3171,1372
3172,1373
3173,3
3174,3
3175,1374
3176,1375
3177,3
3178,3
3179,1039
318,1376
3180,1039
3181,1377
3182,3
3183,3
3184,3
3185,3
3186,3
3187,1378
3188,3
3189,1379
319,1380
3190,1381
3191,1382
3192,1383
3193,3
3194,1384
3195,1385
3196,1386
3197,3
3198,1387
3199,1388
32,3
320,3
3200,3
3201,1389
3202,1390
3203,1391
3204,1392
3205,3
3206,1393
3207,1394
3208,1395
3209,3
321,3
3210,811
3211,1396
3212,1397
3213,3
3214,1398
3215,1399
3216,1400
3217,3
3218,1401
3219,468
322,3
3220,3
3221,3
3222,3
3223,3
3224,1402
3225,1403
3226,744
3227,1404
3228,251
3229,1019
323,3
3230,405
3231,3
3232,3
3233,3
3234,1405
3235,1406
3236,1097
3237,3
3238,1407
3239,3
324,3
3240,1351
3241,3
3242,3
3243,3
3244,3
3245,1249
3246,3
3247,3
3248,3
3249,1408
325,3
3250,3
3251,1409
3252,1410
3253,3
3254,1411
3255,1412
3256,3
3257,1413
3258,3
3259,3
326,1414
3260,1415
3261,1416
3262,250
3263,1417
3264,3
3265,1418
3266,1419
3267,1420
3268,1421
3269,1422
327,1423
3270,3
3271,3
3272,3
3273,1424
3274,1425
3275,3
3276,3
3277,3
3278,3
3279,1426
328,1427
3280,3
3281,1428
3282,3
3283,3
3284,3
3285,3
3286,1429
3287,3
3288,3
3289,3
329,1430
3290,1431
3291,384
3292,3
3293,1432
3294,3
3295,3
3296,3
3297,1433
3298,1434
3299,3
33,3
330,148
3300,1435
3301,1436
3302,3
3303,1437
3304,1014
3305,3
3306,1438
3307,3
3308,1439
3309,1440
331,1441
3310,468
3311,3
3312,1442
3313,1443
3314,3
3315,3
3316,769
3317,3
3318,769
3319,1444
332,3
3320,1445
3321,96
3322,1446
3323,66
3324,1447
3325,1448
3326,3
3327,1449
3328,3
3329,3
333,252
3330,1450
3331,3
3332,1451
3333,1452
3334,3
3335,1108
3336,1453
3337,3
3338,1454
3339,1455
334,1456
3340,3
3341,3
3342,3
3343,3
3344,1457
3345,3
3346,3
3347,567
3348,1458
3349,1459
335,1460
3350,1461
3351,3
3352,3
3353,3
3354,1462
3355,1463
3356,3
3357,1464
3358,3
3359,1465
336,1466
3360,1467
3361,3
3362,3
3363,442
3364,3
3365,3
3366,1461
3367,1468
3368,3
3369,3
337,3
3370,3
3371,3
3372,636
3373,1469
3374,3
3375,1470
3376,3
3377,1471
3378,3
3379,3
338,1472
3380,1473
3381,1474
3382,3
3383,3
3384,1475
3385,1476
3386,3
3387,1477
3388,1478
3389,1479
339,3
3390,552
3391,744
3392,1480
3393,1177
3394,3
3395,3
3396,3
3397,3
3398,3
3399,1481
34,3
340,1482
3400,1341
3401,3
3402,3
3403,1038
3404,3
3405,3
3406,1483
3407,3
3408,1484
3409,1485
341,1486
3410,1487
3411,3
3412,521
3413,1488
3414,1489
3415,3
3416,3
3417,3
3418,1490
3419,1491
342,39
3420,1492
3421,3
3422,1481
3423,1493
3424,1494
3425,1495
3426,1496
3427,3
3428,684
3429,1497
343,1498
3430,807
3431,3
3432,1499
3433,1035
3434,3
3435,1500
3436,3
3437,1501
3438,3
3439,1502
344,1503
3440,1504
3441,3
3442,1067
3443,3
3444,350
3445,3
3446,3
3447,1505
3448,3
3449,1506
345,1503
3450,3
3451,1507
3452,1508
3453,3
3454,3
3455,3
3456,3
3457,1509
3458,3
3459,3
346,1510
3460,1511
3461,1512
3462,1513
3463,3
3464,3
3465,3
3466,1514
3467,3
3468,3
3469,1515
347,1516
3470,3
3471,3
3472,1517
3473,1518
3474,3
3475,3
3476,1519
3477,1371
3478,1520
3479,666
348,1521
3480,1522
3481,1522
3482,3
3483,1523
3484,3
3485,1524
3486,1525
3487,1526
3488,1527
3489,3
349,1528
3490,3
3491,1529
3492,3
3493,1530
3494,1530
3495,1531
3496,135
3497,1532
3498,1533
3499,1534
35,3
350,612
3500,3
3501,1535
3502,3
3503,3
3504,1536
3505,3
3506,3
3507,1537
3508,1047
3509,3
351,1538
3510,1539
3511,3
3512,726
3513,1540
3514,1541
3515,242
3516,3
3517,1530
3518,1542
3519,1543
352,1544
3520,3
3521,1045
3522,3
3523,1545
3524,1546
3525,3
3526,3
3527,3
3528,3
3529,175
353,1547
3530,1548
3531,1549
3532,1550
3533,1551
3534,1552
3535,3
3536,3
3537,1553
3538,1554
3539,1555
354,1556
3540,3
3541,3
3542,1557
3543,1558
3544,3
3545,433
3546,946
3547,3
3548,1559
3549,116
355,1560
3550,1561
3551,3
3552,3
3553,3
3554,3
3555,1562
3556,357
3557,1563
3558,1564
3559,3
356,1565
3560,1566
3561,1567
3562,3
3563,3
3564,1568
3565,1569
3566,1570
3567,1571
3568,490
3569,1572
357,1573
3570,1572
3571,1572
3572,3
3573,381
3574,3
3575,1574
3576,3
3577,3
3578,3
3579,3
358,807
3580,3
3581,3
3582,3
3583,1575
3584,1576
3585,3
3586,3
3587,1577
3588,3
3589,3
359,1578
3590,1579
3591,1580
3592,1076
3593,3
3594,1581
3595,1582
3596,1583
3597,1584
3598,3
3599,3
36,1585
360,281
3600,1586
3601,3
3602,3
3603,1587
3604,1588
3605,3
3606,1589
3607,3
3608,3
3609,3
361,1590
3610,3
3611,3
3612,3
3613,3
3614,1591
3615,1591
3616,3
3617,1592
3618,1593
3619,26
362,3
3620,1365
3621,1264
3622,1337
3623,1012
3624,1594
3625,3
3626,1595
3627,1259
3628,3
3629,1596
363,600
3630,3
3631,1597
3632,1598
3633,3
3634,3
3635,1599
3636,981
3637,3
3638,1600
3639,1383
364,1601
3640,1602
3641,3
3642,287
3643,3
3644,1603
3645,3
3646,1604
3647,1605
3648,1606
3649,1607
365,3
3650,1608
3651,1609
3652,3
3653,1610
3654,1611
3655,3
3656,3
3657,3
3658,809
3659,1612
366,1613
3660,3
3661,3
3662,1614
3663,1615
3664,3
3665,3
3666,3
3667,3
3668,3
3669,1616
367,3
3670,3
3671,1617
3672,3
3673,1618
3674,3
3675,3
3676,1619
3677,1620
3678,3
3679,1621
368,1622
3680,1623
3681,3
3682,1624
3683,3
3684,242
3685,3
3686,3
3687,3
3688,3
3689,3
369,3
3690,3
3691,3
3692,3
3693,3
3694,1378
3695,3
3696,3
3697,3
3698,1625
3699,1626
37,1627
370,3
3700,1628
3701,3
3702,1629
3703,3
3704,1630
3705,3
3706,3
3707,1631
3708,3
3709,3
371,3
3710,39
3711,3
3712,1632
3713,3
3714,1592
3715,1633
3716,1634
3717,3
3718,1635
3719,1636
372,1613
3720,1637
3721,1638
3722,3
3723,3
3724,3
3725,3
3726,3
3727,3
3728,3
3729,1639
373,1640
3730,1641
3731,1642
3732,1092
3733,1555
3734,1086
3735,1643
3736,1644
3737,3
3738,3
3739,1645
374,1646
3740,1647
3741,1648
3742,3
3743,3
3744,1649
3745,3
3746,3
3747,3
3748,280
3749,3
375,1650
3750,3
3751,3
3752,3
3753,3
3754,1651
3755,3
3756,3
3757,1652
3758,1653
3759,1264
376,1654
3760,251
3761,3
3762,1655
3763,3
3764,1656
3765,1657
3766,1658
3767,1659
3768,1660
3769,1661
377,3
3770,3
3771,3
3772,319
3773,1662
3774,1424
3775,3
3776,1663
3777,981
3778,1664
3779,3
378,1665
3780,3
3781,3
3782,1666
3783,3
3784,1667
3785,3
3786,1668
3787,1669
3788,3
3789,624
379,1670
3790,3
3791,1671
3792,1672
3793,3
3794,1673
3795,3
3796,1010
3797,3
3798,1674
3799,422
38,3
380,3
3800,3
3801,1675
3802,3
3803,1676
3804,1677
3805,1678
3806,1378
3807,3
3808,3
3809,1679
381,1680
3810,1625
3811,1625
3812,1625
3813,3
3814,1681
3815,1682
3816,1683
3817,1684
3818,3
3819,1685
382,3
3820,1686
3821,1687
3822,3
3823,1688
3824,3
3825,3
3826,1689
3827,3
3828,3
3829,1690
383,3
3830,769
3831,1691
3832,3
3833,1692
3834,1693
3835,1694
3836,3
3837,1695
3838,3
3839,3
384,1696
3840,3
3841,3
3842,173
3843,1697
3844,3
3845,3
3846,3
3847,3
3848,3
3849,3
385,1698
3850,3
3851,3
3852,3
3853,3
3854,3
3855,3
3856,3
3857,3
3858,1699
3859,1700
386,3
3860,1701
3861,1702
3862,3
3863,1703
3864,231
3865,3
3866,1704
3867,1705
3868,3
3869,1706
387,3
3870,507
3871,3
3872,1707
3873,1708
3874,1709
3875,1710
3876,1711
3877,3
3878,981
3879,3
388,1658
3880,3
3881,3
3882,3
3883,3
3884,3
3885,3
3886,1712
3887,3
3888,3
3889,116
389,1713
3890,1038
3891,1714
3892,1715
3893,3
3894,1716
3895,1717
3896,1718
3897,1719
3898,3
3899,3
39,1720
390,1721
3900,1722
3901,3
3902,3
3903,3
3904,1723
3905,1724
3906,1725
3907,1726
3908,1727
3909,1728
391,3
3910,3
3911,119
3912,1729
3913,1583
3914,601
3915,1592
3916,1730
3917,1731
3918,1732
3919,1733
392,3
3920,629
3921,3
3922,1562
3923,1734
3924,1734
3925,3
3926,3
3927,1735
3928,3
3929,1736
393,1716
3930,116
3931,1737
3932,3
3933,1089
3934,1738
3935,3
3936,1739
3937,3
3938,3
3939,3
394,1740
3940,1738
3941,3
3942,3
3943,3
3944,3
3945,3
3946,1741
3947,3
3948,116
3949,1742
395,1743
3950,3
3951,1744
3952,1745
3953,468
3954,3
3955,1746
3956,1747
3957,3
3958,1748
3959,3
396,1749
3960,1750
3961,1751
3962,3
3963,1752
3964,1753
3965,3
3966,3
3967,1754
3968,1755
3969,3
397,1756
3970,3
3971,3
3972,3
3973,1757
3974,292
3975,1067
3976,1758
3977,3
3978,1759
3979,1760
398,3
3980,3
3981,3
3982,3
3983,1761
3984,1762
3985,3
3986,317
3987,3
3988,3
3989,3
399,1170
3990,3
3991,1763
3992,1764
3993,414
3994,1765
3995,398
3996,208
3997,3
3998,1766
3999,3
4,3
40,3
400,3
4000,1767
4001,1768
4002,3
4003,1769
4004,1770
4005,1683
4006,1771
4007,3
4008,1540
4009,1772
401,3
4010,1540
4011,1310
4012,1773
4013,3
4014,607
4015,3
4016,3
4017,3
4018,1765
4019,1774
402,3
4020,1764
4021,398
4022,352
4023,3
4024,3
4025,1775
4026,1776
4027,3
4028,3
4029,3
403,1777
4030,3
4031,3
4032,1778
4033,3
4034,1779
4035,1780
4036,3
4037,1781
4038,983
4039,1763
404,3
4040,1774
4041,375
4042,1782
4043,3
4044,3
4045,3
4046,1783
4047,26
4048,499
4049,1784
405,3
4050,1785
4051,1786
4052,1787
4053,1143
4054,1788
4055,3
4056,3
4057,3
4058,3
4059,1789
406,1790
4060,1791
4061,1792
4062,1089
4063,1793
4064,3
4065,1794
4066,646
4067,1795
4068,1796
4069,352
407,1106
4070,1763
4071,26
4072,26
4073,1797
4074,352
4075,352
4076,352
4077,352
4078,546
4079,1774
408,1106
4080,3
4081,1798
4082,1799
4083,1800
4084,1067
4085,3
4086,1801
4087,1802
4088,1803
4089,1804
409,1106
4090,3
4091,3
4092,1805
4093,1806
4094,1807
4095,1808
4096,1809
4097,1810
4098,1811
4099,1812
41,3
410,1106
4100,1813
4101,1814
4102,1815
4103,601
4104,630
4105,1816
4106,3
4107,1817
4108,1818
4109,1819
411,1106
4110,3
4111,1820
4112,3
4113,1821
4114,1822
4115,3
4116,1075
4117,3
4118,1823
4119,3
412,1106
4120,3
4121,1487
4122,1824
4123,3
4124,1825
4125,1826
4126,3
4127,3
4128,3
4129,960
413,1106
4130,3
4131,3
4132,3
4133,3
4134,1827
4135,1828
4136,1829
4137,1830
4138,3
4139,1831
414,1106
4140,1832
4141,3
4142,3
4143,3
4144,3
4145,3
4146,3
4147,1833
4148,1834
4149,415
415,1106
4150,3
4151,1835
4152,1384
4153,1836
4154,1540
4155,1837
4156,1838
4157,1839
4158,1840
4159,1841
416,1106
4160,292
4161,1842
4162,1843
4163,3
4164,3
4165,1844
4166,1845
4167,3
4168,3
4169,3
417,1106
4170,1846
4171,3
4172,3
4173,3
4174,1847
4175,1848
4176,3
4177,140
4178,1849
4179,3
418,1850
4180,3
4181,1851
4182,533
4183,1852
4184,3
4185,3
4186,1853
4187,1854
4188,3
4189,1855
419,1856
4190,3
4191,1857
4192,1858
4193,1859
4194,1860
4195,1653
4196,1653
4197,3
4198,1861
4199,546
42,148
420,1106
4200,3
4201,3
4202,3
4203,3
4204,1862
4205,1863
4206,1864
4207,3
4208,3
4209,1865
421,1106
4210,1866
4211,1867
4212,1868
4213,1869
4214,1870
4215,1871
4216,3
4217,3
4218,1872
4219,3
422,1873
4220,1874
4221,3
4222,1875
4223,1604
4224,1876
4225,1877
4226,1878
4227,3
4228,3
4229,1879
423,1106
4230,1879
4231,3
4232,1880
4233,1880
4234,1881
4235,1882
4236,3
4237,1883
4238,1884
4239,1884
424,1106
4240,1884
4241,3
4242,3
4243,362
4244,1885
4245,1886
4246,3
4247,1887
4248,1887
4249,1604
425,1106
4250,1888
4251,3
4252,3
4253,1889
4254,3
4255,3
4256,1890
4257,3
4258,3
4259,1891
426,3
4260,1892
4261,3
4262,3
4263,1893
4264,3
4265,3
4266,3
4267,3
4268,1894
4269,1895
427,1896
4270,3
4271,3
4272,3
4273,3
4274,3
4275,3
4276,1897
4277,3
4278,1898
4279,1899
428,1900
4280,3
4281,1901
4282,1902
4283,1903
4284,1904
4285,1905
4286,1906
4287,1320
4288,1907
4289,3
429,1908
4290,1909
4291,3
4292,1910
4293,1911
4294,1912
4295,1913
4296,1914
4297,3
4298,1915
4299,3
43,1916
430,1207
4300,1887
4301,3
4302,1887
4303,1917
4304,1918
4305,3
4306,3
4307,1919
4308,3
4309,3
431,3
4310,3
4311,3
4312,3
4313,3
4314,1920
4315,981
4316,1921
4317,3
4318,1922
4319,1923
432,3
4320,1924
4321,3
4322,1925
4323,1715
4324,1926
4325,1927
4326,666
4327,3
4328,3
4329,1928
433,1929
4330,1930
4331,1931
4332,1932
4333,1933
4334,1934
4335,1935
4336,1936
4337,1937
4338,1934
4339,1934
434,1938
4340,1939
4341,3
4342,1940
4343,1941
4344,1930
4345,3
4346,1942
4347,1943
4348,3
4349,1944
435,3
4350,1945
4351,3
4352,1377
4353,423
4354,3
4355,1946
4356,1947
4357,3
4358,1948
4359,1732
436,3
4360,3
4361,1949
4362,1950
4363,3
4364,3
4365,1951
4366,3
4367,3
4368,3
4369,3
437,1952
4370,1953
4371,1954
4372,3
4373,3
4374,1955
4375,1653
4376,1956
4377,3
4378,1957
4379,1491
438,1958
4380,3
4381,3
4382,3
4383,1959
4384,1960
4385,3
4386,1961
4387,3
4388,3
4389,1962
439,1963
4390,3
4391,472
4392,1964
4393,1965
4394,1966
4395,1967
4396,1968
4397,1969
4398,1970
4399,1971
44,1972
440,1973
4400,3
4401,3
4402,1974
4403,1975
4404,3
4405,1976
4406,3
4407,3
4408,3
4409,3
441,3
4410,3
4411,3
4412,1977
4413,3
4414,3
4415,1978
4416,3
4417,1979
4418,1980
4419,1981
442,1982
4420,1983
4421,1984
4422,1985
4423,1986
4424,1986
4425,1987
4426,1988
4427,485
4428,578
4429,472
443,3
4430,1989
4431,3
4432,1990
4433,845
4434,1991
4435,1992
4436,1993
4437,3
4438,1994
4439,1985
444,1995
4440,1996
4441,730
4442,1997
4443,1998
4444,1999
4445,2000
4446,1355
4447,2001
4448,2002
4449,2003
445,2004
4450,485
4451,1365
4452,838
4453,2005
4454,1985
4455,715
4456,650
4457,2006
4458,302
4459,2007
446,1281
4460,2008
4461,2009
4462,3
4463,2010
4464,2011
4465,466
4466,3
4467,17
4468,2012
4469,1844
447,2013
4470,3
4471,803
4472,2014
4473,2015
4474,2016
4475,3
4476,2017
4477,3
4478,2018
4479,3
448,2019
4480,3
4481,1583
4482,2020
4483,588
4484,3
4485,90
4486,3
4487,2021
4488,3
4489,3
449,2019
4490,3
4491,1749
4492,3
4493,903
4494,2022
4495,3
4496,3
4497,2023
4498,3
4499,3
45,2024
450,2025
4500,2026
4501,1965
4502,3
4503,2027
4504,3
4505,3
4506,2028
4507,2029
4508,77
4509,3
451,203
4510,2030
4511,2031
4512,3
4513,2032
4514,2033
4515,2034
4516,2035
4517,2036
4518,3
4519,3
452,2037
4520,88
4521,3
4522,3
4523,2038
4524,3
4525,2039
4526,1566
4527,2040
4528,3
4529,2041
453,2042
4530,3
4531,3
4532,3
4533,2043
4534,2044
4535,3
4536,3
4537,3
4538,2045
4539,2046
454,3
4540,90
4541,2047
4542,2048
4543,3
4544,2049
4545,2050
4546,2049
4547,3
4548,2051
4549,2052
455,2053
4550,3
4551,3
4552,3
4553,2054
4554,3
4555,2055
4556,2056
4557,2057
4558,472
4559,1696
456,2058
4560,2059
4561,2060
4562,1671
4563,459
4564,2061
4565,2062
4566,1118
4567,2063
4568,1994
4569,2064
457,3
4570,2065
4571,3
4572,485
4573,2066
4574,16
4575,2067
4576,2068
4577,2066
4578,2069
4579,2070
458,2071
4580,2072
4581,1125
4582,648
4583,2073
4584,2074
4585,1939
4586,1994
4587,1029
4588,2075
4589,2076
459,2077
4590,2078
4591,2078
4592,2079
4593,2027
4594,2080
4595,1384
4596,2081
4597,2082
4598,2083
4599,2084
46,2085
460,3
4600,2086
4601,2087
4602,849
4603,2088
4604,2089
4605,3
4606,2090
4607,1891
4608,2001
4609,3
461,2091
4610,2092
4611,347
4612,2059
4613,2093
4614,2094
4615,2095
4616,2096
4617,2097
4618,2098
4619,2099
462,2100
4620,2101
4621,2102
4622,3
4623,3
4624,3
4625,1653
4626,2103
4627,2104
4628,3
4629,3
463,1541
4630,3
4631,2105
4632,3
4633,3
4634,3
4635,3
4636,3
4637,3
4638,3
4639,3
464,2106
4640,3
4641,3
4642,2107
4643,2108
4644,3
4645,3
4646,3
4647,2109
4648,3
4649,3
465,2110
4650,2111
4651,3
4652,3
4653,3
4654,2112
4655,3
4656,3
4657,2113
4658,2114
4659,3
466,3
4660,2115
4661,77
4662,726
4663,3
4664,3
4665,2116
4666,524
4667,2117
4668,2118
4669,2119
467,3
4670,2120
4671,3
4672,2121
4673,3
4674,3
4675,3
4676,481
4677,3
4678,3
4679,3
468,2122
4680,2123
4681,1819
4682,1785
4683,3
4684,2124
4685,2125
4686,2126
4687,2127
4688,2128
4689,1077
469,2129
4690,3
4691,2130
4692,2131
4693,2132
4694,2133
4695,2134
4696,3
4697,3
4698,2135
4699,2136
47,2137
470,2138
4700,2139
4701,347
4702,2140
4703,3
4704,3
4705,3
4706,2141
4707,2142
4708,1224
4709,949
471,3
4710,3
4711,3
4712,3
4713,2143
4714,2144
4715,2145
4716,2146
4717,3
4718,3
4719,2147
472,2148
4720,2068
4721,2149
4722,1997
4723,1355
4724,2150
4725,2151
4726,2068
4727,632
4728,1112
4729,1027
473,3
4730,2152
4731,16
4732,302
4733,1671
4734,2153
4735,632
4736,2154
4737,634
4738,2068
4739,3
474,2155
4740,2156
4741,2157
4742,3
4743,3
4744,3
4745,3
4746,2158
4747,2158
4748,3
4749,2159
475,2160
4750,2161
4751,3
4752,2162
4753,3
4754,2163
4755,3
4756,1394
4757,1413
4758,1180
4759,3
476,2164
4760,3
4761,2165
4762,3
4763,3
4764,3
4765,3
4766,1369
4767,3
4768,3
4769,2166
477,2167
4770,1865
4771,1740
4772,3
4773,3
4774,1336
4775,828
4776,2168
4777,3
4778,3
4779,3
478,3
4780,2169
4781,3
4782,2161
4783,2170
4784,2171
4785,2172
4786,2009
4787,2173
4788,2173
4789,981
479,3
4790,2174
4791,2175
4792,2176
4793,2072
4794,2177
4795,158
4796,1964
4797,2178
4798,1001
4799,3
48,1359
480,1982
4800,2179
4801,840
4802,2180
4803,2181
4804,1086
4805,3
4806,2182
4807,2183
4808,3
4809,2161
481,2184
4810,3
4811,2185
4812,2186
4813,2187
4814,3
4815,1264
4816,3
4817,2188
4818,2189
4819,3
482,2190
4820,2191
4821,3
4822,3
4823,2192
4824,2193
4825,3
4826,2194
4827,2195
4828,2196
4829,1000
483,3
4830,2197
4831,2198
4832,3
4833,3
4834,2199
4835,2200
4836,1726
4837,3
4838,3
4839,3
484,3
4840,2201
4841,2202
4842,3
4843,1174
4844,2203
4845,3
4846,3
4847,3
4848,2204
4849,3
485,1492
4850,2161
4851,2205
4852,981
4853,3
4854,3
4855,2206
4856,122
4857,3
4858,3
4859,2207
486,2208
4860,2209
4861,852
4862,2210
4863,3
4864,1086
4865,2211
4866,3
4867,2161
4868,2212
4869,66
487,2213
4870,3
4871,2214
4872,2215
4873,2216
4874,1955
4875,3
4876,2217
4877,2218
4878,2219
4879,2220
488,3
4880,3
4881,2221
4882,2222
4883,2223
4884,116
4885,2224
4886,2225
4887,2226
4888,2227
4889,2228
489,3
4890,2229
4891,2230
4892,472
4893,3
4894,2231
4895,3
4896,3
4897,3
4898,2232
4899,3
49,507
490,2233
4900,2234
4901,3
4902,2235
4903,2236
4904,3
4905,2237
4906,2238
4907,2239
4908,2240
4909,3
491,3
4910,2241
4911,3
4912,1052
4913,2242
4914,3
4915,3
4916,2243
4917,2244
4918,2245
4919,2246
492,2247
4920,2248
4921,2249
4922,2250
4923,2251
4924,2252
4925,3
4926,3
4927,3
4928,136
4929,2253
493,2254
4930,2255
4931,3
4932,2256
4933,2257
4934,3
4935,2258
4936,2259
4937,2260
4938,2261
4939,1067
494,3
4940,2262
4941,2161
4942,3
4943,3
4944,2263
4945,2264
4946,2265
4947,3
4948,2266
4949,2234
495,184
4950,3
4951,1067
4952,3
4953,2267
4954,2268
4955,2267
4956,2269
4957,2072
4958,3
4959,2270
496,2271
4960,2272
4961,2273
4962,3
4963,2161
4964,2274
4965,3
4966,2127
4967,2127
4968,3
4969,2275
497,2276
4970,1383
4971,1651
4972,2277
4973,2278
4974,3
4975,2279
4976,2280
4977,3
4978,2281
4979,3
498,3
4980,2282
4981,3
4982,2283
4983,2284
4984,2285
4985,3
4986,3
4987,2286
4988,2287
4989,3
499,2288
4990,2289
4991,2290
4992,2291
4993,3
4994,2292
4995,3
4996,2293
4997,2294
4998,3
4999,1310
5,3
50,3
500,3
5000,2295
5001,3
5002,2161
5003,2161
5004,2296
5005,3
5006,3
5007,2297
5008,997
5009,997
501,2298
5010,710
5011,275
5012,2299
5013,2300
5014,2301
5015,16
5016,2302
5017,2302
5018,2302
5019,2127
502,1207
5020,2127
5021,2303
5022,997
5023,2304
5024,3
5025,981
5026,1291
5027,3
5028,3
5029,2305
503,2306
5030,3
5031,3
5032,2307
5033,3
5034,2308
5035,2309
5036,3
5037,3
5038,2310
5039,3
504,2311
5040,2312
5041,2313
5042,2314
5043,2315
5044,2316
5045,2317
5046,1365
5047,3
5048,2318
5049,3
505,3
5050,911
5051,2319
5052,2320
5053,3
5054,986
5055,2321
5056,2322
5057,2323
5058,3
5059,2324
506,2325
5060,2326
5061,911
5062,3
5063,2161
5064,3
5065,2327
5066,3
5067,2161
5068,2328
5069,2329
507,2330
5070,3
5071,3
5072,911
5073,2331
5074,2332
5075,2333
5076,3
5077,2161
5078,1865
5079,3
508,2334
5080,2335
5081,2336
5082,2337
5083,3
5084,2338
5085,2339
5086,2340
5087,1086
5088,3
5089,2341
509,2342
5090,3
5091,3
5092,2343
5093,1159
5094,2344
5095,2345
5096,3
5097,2346
5098,3
5099,3
51,3
510,3
5100,3
5101,1566
5102,2347
5103,2348
5104,3
5105,2349
5106,3
5107,411
5108,2350
5109,1604
511,3
5110,3
5111,2351
5112,2352
5113,3
5114,2353
5115,2354
5116,2355
5117,2356
5118,2257
5119,3
512,3
5120,3
5121,3
5122,1454
5123,2357
5124,2358
5125,2359
5126,3
5127,3
5128,981
5129,3
513,3
5130,478
5131,2360
5132,2335
5133,2361
5134,2362
5135,1604
5136,632
5137,2363
5138,2364
5139,3
514,3
5140,3
5141,3
5142,3
5143,2365
5144,2366
5145,2367
5146,3
5147,913
5148,3
5149,2368
515,3
5150,3
5151,3
5152,2369
5153,2370
5154,2371
5155,3
5156,3
5157,2353
5158,3
5159,2372
516,3
5160,3
5161,2373
5162,135
5163,2374
5164,75
5165,140
5166,3
5167,3
5168,1214
5169,3
517,3
5170,3
5171,3
5172,981
5173,2375
5174,3
5175,2376
5176,3
5177,2161
5178,1814
5179,3
518,3
5180,2377
5181,3
5182,2378
5183,2379
5184,634
5185,2380
5186,3
5187,2381
5188,2382
5189,2383
519,54
5190,2384
5191,2385
5192,3
5193,3
5194,3
5195,3
5196,3
5197,2386
5198,2387
5199,2388
52,2389
520,3
5200,1955
5201,3
5202,2390
5203,2391
5204,1716
5205,1776
5206,3
5207,3
5208,1473
5209,3
521,3
5210,2392
5211,3
5212,2393
5213,2394
5214,2214
5215,730
5216,3
5217,3
5218,2395
5219,2396
522,3
5220,3
5221,2397
5222,3
5223,2398
5224,2399
5225,2400
5226,2401
5227,422
5228,1371
5229,2402
523,3
5230,2403
5231,1086
5232,3
5233,3
5234,2404
5235,2405
5236,2406
5237,3
5238,3
5239,2407
524,3
5240,2408
5241,1583
5242,2409
5243,3
5244,3
5245,3
5246,3
5247,3
5248,3
5249,2410
525,3
5250,2411
5251,3
5252,3
5253,2343
5254,2412
5255,3
5256,2413
5257,2414
5258,3
5259,3
526,3
5260,3
5261,2415
5262,2416
5263,3
5264,3
5265,2417
5266,2418
5267,2419
5268,2420
5269,2421
527,3
5270,712
5271,1219
5272,2422
5273,3
5274,2295
5275,3
5276,2186
5277,1310
5278,2423
5279,3
528,3
5280,2424
5281,3
5282,2425
5283,2136
5284,1174
5285,3
5286,3
5287,3
5288,3
5289,3
529,2426
5290,3
5291,2336
5292,3
5293,2427
5294,2427
5295,2428
5296,3
5297,2336
5298,3
5299,3
53,2389
530,893
5300,3
5301,2429
5302,3
5303,2430
5304,2431
5305,2360
5306,3
5307,2432
5308,2433
5309,541
531,3
5310,2335
5311,2434
5312,2435
5313,2436
5314,2437
5315,2438
5316,981
5317,2439
5318,2440
5319,2441
532,2442
5320,981
5321,3
5322,3
5323,2443
5324,2444
5325,3
5326,1604
5327,1604
5328,3
5329,2445
533,3
5330,2446
5331,2447
5332,1576
5333,2448
5334,1454
5335,2020
5336,2020
5337,2020
5338,2020
5339,2020
534,3
5340,2020
5341,2449
5342,2450
5343,2161
5344,2451
5345,2452
5346,3
5347,796
5348,3
5349,3
535,956
5350,3
5351,3
5352,2453
5353,3
5354,2454
5355,3
5356,3
5357,3
5358,2455
5359,2456
536,3
5360,1740
5361,3
5362,2457
5363,3
5364,3
5365,2458
5366,3
5367,3
5368,2459
5369,2460
537,3
5370,1615
5371,2461
5372,2462
5373,2463
5374,2464
5375,246
5376,2465
5377,694
5378,2466
5379,1604
538,3
5380,1604
5381,3
5382,2467
5383,3
5384,3
5385,3
5386,2468
5387,3
5388,2469
5389,2470
539,3
5390,1740
5391,3
5392,2471
5393,3
5394,3
5395,2472
5396,3
5397,2473
5398,3
5399,2474
54,2389
540,3
5400,3
5401,2471
5402,3
5403,2475
5404,3
5405,3
5406,3
5407,3
5408,3
5409,2360
541,3
5410,3
5411,3
5412,2476
5413,3
5414,3
5415,3
5416,2477
5417,2478
5418,2479
5419,2480
542,2481
5420,2482
5421,2483
5422,3
5423,3
5424,2484
5425,2328
5426,3
5427,2485
5428,2486
5429,2487
543,2488
5430,2489
5431,2490
5432,2491
5433,2492
5434,3
5435,3
5436,2493
5437,3
5438,3
5439,3
544,3
5440,3
5441,2494
5442,2495
5443,2496
5444,864
5445,3
5446,3
5447,2497
5448,2360
5449,2498
545,3
5450,2499
5451,2491
5452,2498
5453,2500
5454,2501
5455,2502
5456,2503
5457,2504
5458,3
5459,3
546,3
5460,3
5461,2503
5462,2471
5463,2360
5464,2505
5465,3
5466,3
5467,2498
5468,339
5469,185
547,3
5470,2068
5471,3
5472,2506
5473,2507
5474,1458
5475,2508
5476,1431
5477,2509
5478,3
5479,2510
548,3
5480,3
5481,1067
5482,2336
5483,2511
5484,2512
5485,2513
5486,2336
5487,2514
5488,2515
5489,3
549,3
5490,2516
5491,2517
5492,2518
5493,2519
5494,2520
5495,3
5496,2521
5497,2522
5498,2523
5499,2524
55,2389
550,3
5500,1110
5501,2525
5502,2526
5503,406
5504,2498
5505,2527
5506,2528
5507,2529
5508,2530
5509,2531
551,1982
5510,3
5511,3
5512,281
5513,2532
5514,3
5515,3
5516,2533
5517,2534
5518,2535
5519,981
552,1113
5520,3
5521,3
5522,2536
5523,2537
5524,3
5525,2538
5526,1604
5527,411
5528,411
5529,411
553,2539
5530,2540
5531,658
5532,2541
5533,2542
5534,2543
5535,2544
5536,468
5537,2545
5538,3
5539,3
554,3
5540,1616
5541,2546
5542,2547
5543,3
5544,2548
5545,2549
5546,2550
5547,2551
5548,2552
5549,2553
555,957
5550,2554
5551,2555
5552,2556
5553,2557
5554,3
5555,2558
5556,2559
5557,2560
5558,1264
5559,3
556,2477
5560,1076
5561,2561
5562,2562
5563,1566
5564,3
5565,2563
5566,2564
5567,3
5568,3
5569,2565
557,2566
5570,3
5571,2567
5572,2568
5573,2569
5574,2570
5575,2571
5576,3
5577,1264
5578,2572
5579,3
558,2573
5580,2574
5581,3
5582,1038
5583,1767
5584,3
5585,2575
5586,3
5587,2576
5588,12
5589,2577
559,1454
5590,2578
5591,2579
5592,3
5593,3
5594,3
5595,1957
5596,1800
5597,2580
5598,2581
5599,3
56,3
560,475
5600,838
5601,2582
5602,3
5603,2583
5604,3
5605,2584
5606,2585
5607,2586
5608,2587
5609,3
561,2588
5610,3
5611,2589
5612,3
5613,2590
5614,2591
5615,2161
5616,2592
5617,464
5618,2267
5619,2181
562,2593
5620,2594
5621,2595
5622,2596
5623,1086
5624,2597
5625,2598
5626,2599
5627,2600
5628,981
5629,2601
563,2593
5630,2602
5631,2603
5632,1438
5633,2604
5634,2605
5635,2606
5636,2607
5637,2608
5638,2609
5639,2610
564,2593
5640,2611
5641,3
5642,2612
5643,2613
5644,2614
5645,2615
5646,2616
5647,1365
5648,2617
5649,2618
565,39
5650,406
5651,3
5652,631
5653,2619
5654,3
5655,3
5656,3
5657,2620
5658,2621
5659,3
566,3
5660,1258
5661,1540
5662,2622
5663,3
5664,2623
5665,2624
5666,3
5667,2625
5668,3
5669,3
567,422
5670,3
5671,3
5672,3
5673,3
5674,3
5675,2626
5676,3
5677,2627
5678,3
5679,2161
568,2628
5680,1802
5681,3
5682,2629
5683,2630
5684,3
5685,3
5686,2631
5687,3
5688,1802
5689,2632
569,1498
5690,2633
5691,3
5692,2634
5693,3
5694,2635
5695,2636
5696,2637
5697,2638
5698,2639
5699,2640
57,2641
570,2642
5700,3
5701,3
5702,2643
5703,2644
5704,3
5705,2645
5706,2646
5707,2647
5708,3
5709,605
571,2648
5710,2649
5711,2117
5712,2650
5713,2651
5714,1611
5715,2652
5716,3
5717,3
5718,2653
5719,2654
572,3
5720,2655
5721,3
5722,2656
5723,3
5724,3
5725,981
5726,2657
5727,2658
5728,3
5729,3
573,2659
5730,3
5731,3
5732,3
5733,3
5734,2392
5735,2660
5736,2661
5737,1955
5738,2662
5739,2663
574,2664
5740,2665
5741,2666
5742,3
5743,2667
5744,2668
5745,3
5746,2048
5747,2669
5748,2427
5749,1885
575,2670
5750,1885
5751,2671
5752,3
5753,3
5754,3
5755,1809
5756,1971
5757,2672
5758,228
5759,2673
576,2674
5760,3
5761,2675
5762,1832
5763,3
5764,3
5765,2676
5766,2677
5767,3
5768,2678
5769,3
577,2679
5770,3
5771,1561
5772,3
5773,2418
5774,2078
5775,2680
5776,3
5777,2681
5778,3
5779,2682
578,1157
5780,2683
5781,2684
5782,3
5783,2685
5784,884
5785,2214
5786,3
5787,3
5788,3
5789,3
579,2686
5790,3
5791,3
5792,3
5793,2687
5794,135
5795,2547
5796,1548
5797,2321
5798,2688
5799,3
58,2689
580,2690
5800,3
5801,3
5802,3
5803,3
5804,3
5805,3
5806,3
5807,3
5808,3
5809,1086
581,2691
5810,2692
5811,2693
5812,3
5813,3
5814,2547
5815,3
5816,2694
5817,135
5818,1086
5819,1604
582,2695
5820,2696
5821,2694
5822,2697
5823,3
5824,3
5825,2698
5826,3
5827,2699
5828,3
5829,2700
583,1590
5830,3
5831,2701
5832,231
5833,2702
5834,2117
5835,2703
5836,1067
5837,3
5838,2704
5839,3
584,2705
5840,2161
5841,2706
5842,803
5843,2176
5844,3
5845,3
5846,3
5847,2543
5848,1086
5849,2589
585,2707
5850,2708
5851,3
5852,2709
5853,2343
5854,3
5855,1260
5856,3
5857,3
5858,2710
5859,2711
586,2712
5860,2713
5861,2714
5862,2715
5863,3
5864,3
5865,2716
5866,2616
5867,3
5868,3
5869,1365
587,2717
5870,3
5871,3
5872,3
5873,2161
5874,803
5875,803
5876,1086
5877,2718
5878,3
5879,2719
588,2720
5880,2721
5881,2722
5882,1281
5883,3
5884,2723
5885,1335
5886,3
5887,2724
5888,2725
5889,1417
589,3
5890,2726
5891,2727
5892,2728
5893,2729
5894,2730
5895,1086
5896,3
5897,1983
5898,2486
5899,826
59,2641
590,2731
5900,1086
5901,3
5902,2732
5903,3
5904,2351
5905,2733
5906,2734
5907,1171
5908,2735
5909,3
591,3
5910,1995
5911,2736
5912,1365
5913,2737
5914,2478
5915,3
5916,2738
5917,2739
5918,1593
5919,3
592,315
5920,3
5921,3
5922,1086
5923,3
5924,3
5925,1365
5926,1548
5927,2740
5928,2741
5929,2629
593,2742
5930,2743
5931,2744
5932,15
5933,2663
5934,3
5935,2745
5936,2746
5937,2747
5938,2748
5939,2749
594,2750
5940,3
5941,3
5942,2751
5943,2752
5944,2753
5945,2754
5946,2755
5947,2756
5948,2757
5949,2758
595,2759
5950,2760
5951,2761
5952,2762
5953,2763
5954,2764
5955,2765
5956,2766
5957,2767
5958,2768
5959,2769
596,758
5960,83
5961,2770
5962,2771
5963,215
5964,491
5965,3
5966,2038
5967,1752
5968,3
5969,2772
597,1174
5970,2773
5971,2774
5972,2775
5973,2776
5974,2777
5975,3
5976,2778
5977,636
5978,2779
5979,3
598,2780
5980,2781
5981,2782
5982,76
5983,3
5984,2783
5985,3
5986,2784
5987,3
5988,2785
5989,2786
599,2787
5990,3
5991,2788
5992,2789
5993,2790
5994,2791
5995,2792
5996,2793
5997,1983
5998,3
5999,2794
6,2343
60,2689
600,2795
6000,2796
6001,2797
6002,3
6003,2798
6004,2799
6005,2800
6006,2801
6007,2802
6008,119
6009,2803
601,412
6010,2804
6011,2805
6012,2806
6013,2807
6014,2808
6015,2809
6016,2810
6017,2811
6018,2812
6019,548
602,2813
6020,2814
6021,2035
6022,2815
6023,2816
6024,2817
6025,2818
6026,2819
6027,3
6028,2797
6029,2820
603,2813
6030,1593
6031,2821
6032,2822
6033,2823
6034,2824
6035,2825
6036,1986
6037,2826
6038,3
6039,2827
604,2813
6040,1576
6041,2828
6042,2829
6043,2830
6044,2831
6045,3
6046,980
6047,1775
6048,2832
6049,3
605,2833
6050,1879
6051,2111
6052,2834
6053,2835
6054,945
6055,2836
6056,2837
6057,2838
6058,1074
6059,2839
606,2840
6060,2841
6061,2842
6062,323
6063,2843
6064,852
6065,2844
6066,228
6067,3
6068,3
6069,2845
607,124
6070,2846
6071,2847
6072,2848
6073,2849
6074,302
6075,119
6076,2850
6077,2774
6078,3
6079,1554
608,2851
6080,2852
6081,2853
6082,2854
6083,2855
6084,2856
6085,2857
6086,2858
6087,2859
6088,153
6089,2860
609,2861
6090,3
6091,2862
6092,2863
6093,2864
6094,2865
6095,3
6096,2866
6097,2867
6098,660
6099,2868
61,2641
610,2869
6100,2870
6101,3
6102,3
6103,3
6104,2123
6105,2282
6106,3
6107,2871
6108,849
6109,3
611,2872
6110,2873
6111,2874
6112,251
6113,2875
6114,2876
6115,2877
6116,2878
6117,2879
6118,2880
6119,2881
612,2882
6120,2883
6121,2814
6122,2884
6123,2885
6124,2886
6125,2887
6126,2887
6127,3
6128,2888
6129,2889
613,2890
6130,2891
6131,2892
6132,2893
6133,3
6134,2894
6135,1910
6136,2895
6137,2896
6138,3
6139,2897
614,1358
6140,2898
6141,2899
6142,2900
6143,2901
6144,2902
6145,2903
6146,2904
6147,3
6148,2905
6149,2906
615,2907
6150,2908
6151,2909
6152,2910
6153,2911
6154,2912
6155,2912
6156,930
6157,3
6158,2913
6159,2914
616,2915
6160,2916
6161,2917
6162,3
6163,2918
6164,2919
6165,548
6166,2920
6167,3
6168,3
6169,2921
617,2905
6170,2922
6171,2923
6172,101
6173,2924
6174,2925
6175,3
6176,2926
6177,2927
6178,3
6179,2928
618,3
6180,2929
6181,1689
6182,2930
6183,2931
6184,2932
6185,2933
6186,2934
6187,2935
6188,190
6189,2936
619,2937
6190,2938
6191,2939
6192,2940
6193,2941
6194,2942
6195,3
6196,2943
6197,2944
6198,2945
6199,3
62,2946
620,2947
6200,2948
6201,2949
6202,2950
6203,835
6204,2951
6205,2952
6206,2953
6207,2954
6208,2955
6209,2956
621,3
6210,2957
6211,2958
6212,1357
6213,1357
6214,3
6215,2959
6216,2960
6217,3
6218,2961
6219,2962
622,2963
6220,3
6221,2964
6222,2965
6223,2965
6224,2966
6225,604
6226,2967
6227,2968
6228,2969
6229,3
623,2970
6230,2971
6231,2972
6232,2973
6233,2974
6234,2975
6235,863
6236,2976
6237,2977
6238,2409
6239,2978
624,2979
6240,2980
6241,2981
6242,712
6243,2981
6244,2982
6245,2983
6246,2984
6247,536
6248,438
6249,871
625,2985
6250,3
6251,3
6252,2986
6253,3
6254,3
6255,2987
6256,2988
6257,2989
6258,2990
6259,3
626,3
6260,2991
6261,2992
6262,3
6263,3
6264,3
6265,3
6266,3
6267,2993
6268,2994
6269,2995
627,2996
6270,2932
6271,2997
6272,2843
6273,2998
6274,2999
6275,3000
6276,3
6277,3
6278,3001
6279,3002
628,3
6280,3
6281,3003
6282,3
6283,3004
6284,3005
6285,3005
6286,684
6287,3
6288,3006
6289,3007
629,3
6290,3008
6291,743
6292,3
6293,3009
6294,3010
6295,3
6296,3
6297,2234
6298,1106
6299,2234
63,3011
630,3012
6300,1696
6301,3013
6302,3
6303,3014
6304,249
6305,3
6306,637
6307,3015
6308,3016
6309,1331
631,3017
6310,3018
6311,1264
6312,3019
6313,3020
6314,3021
6315,3022
6316,3023
6317,3024
6318,3025
6319,3
632,3
6320,3026
6321,3027
6322,3028
6323,224
6324,3
6325,2345
6326,484
6327,3029
6328,1469
6329,3030
633,3031
6330,3032
6331,3033
6332,3034
6333,3035
6334,3036
6335,3037
6336,3
6337,3038
6338,3039
6339,3040
634,3041
6340,3042
6341,3043
6342,3
6343,2101
6344,3044
6345,3045
6346,199
6347,3046
6348,3
6349,3047
635,3048
6350,3049
6351,3050
6352,3051
6353,3052
6354,3053
6355,3054
6356,3055
6357,3056
6358,3
6359,3057
636,3058
6360,3059
6361,3
6362,3
6363,3060
6364,3061
6365,3
6366,3062
6367,3063
6368,3064
6369,3
637,3065
6370,3066
6371,2876
6372,3067
6373,3068
6374,3
6375,1797
6376,3069
6377,3070
6378,3071
6379,3
638,3072
6380,507
6381,3073
6382,3
6383,3074
6384,3074
6385,3074
6386,3
6387,3075
6388,3076
6389,3077
639,3
6390,3
6391,3078
6392,3079
6393,3080
6394,3
6395,3081
6396,3082
6397,3083
6398,3084
6399,3
64,2703
640,3
6400,57
6401,3085
6402,3
6403,3086
6404,1997
6405,3
6406,1194
6407,1194
6408,3
6409,3087
641,3
6410,3088
6411,3089
6412,3
6413,3090
6414,3
6415,3091
6416,3092
6417,3
6418,3093
6419,3094
642,3
6420,3095
6421,3
6422,3096
6423,3097
6424,3098
6425,1147
6426,3099
6427,3
6428,313
6429,3100
643,3
6430,3100
6431,3
6432,3101
6433,59
6434,382
6435,3102
6436,3103
6437,3104
6438,3105
6439,3106
644,3107
6440,3108
6441,710
6442,3109
6443,3110
6444,3111
6445,3112
6446,3113
6447,427
6448,422
6449,3114
645,3115
6450,710
6451,3116
6452,3
6453,3117
6454,3118
6455,3119
6456,3
6457,3
6458,3
6459,3120
646,3121
6460,3
6461,3
6462,3122
6463,3123
6464,3124
6465,3125
6466,3126
6467,3127
6468,746
6469,3128
647,567
6470,3
6471,3129
6472,3130
6473,3131
6474,3132
6475,3133
6476,3134
6477,3135
6478,3
6479,3136
648,3
6480,3137
6481,1466
6482,3138
6483,2437
6484,3
6485,3139
6486,2987
6487,3140
6488,3
6489,3141
649,3
6490,3142
6491,3
6492,3143
6493,3144
6494,3145
6495,3146
6496,3
6497,3147
6498,2721
6499,3
65,3148
650,3149
6500,3150
6501,3151
6502,3152
6503,897
6504,3153
6505,3
6506,3
6507,3
6508,3
6509,3
651,3154
6510,3
6511,3155
6512,3044
6513,3156
6514,3
6515,3
6516,3157
6517,3158
6518,2503
6519,3159
652,3160
6520,3
6521,3
6522,3161
6523,1696
6524,3162
6525,3
6526,3163
6527,621
6528,3164
6529,3165
653,3160
6530,636
6531,1696
6532,3166
6533,3
6534,3167
6535,1320
6536,3168
6537,3169
6538,3170
6539,3
654,3
6540,3171
6541,271
6542,3172
6543,3
6544,3173
6545,3174
6546,3175
6547,3176
6548,1734
6549,3177
655,1668
6550,3
6551,3178
6552,3179
6553,3180
6554,3181
6555,3182
6556,3183
6557,3
6558,2200
6559,3184
656,1668
6560,3
6561,3
6562,3185
6563,253
6564,3
6565,3186
6566,3187
6567,204
6568,3188
6569,3
657,1668
6570,3189
6571,3190
6572,3
6573,3
6574,3191
6575,3192
6576,3193
6577,3194
6578,3195
6579,3196
658,3
6580,3197
6581,3198
6582,2853
6583,3199
6584,3200
6585,3201
6586,3202
6587,3
6588,3
6589,634
659,3
6590,3203
6591,3204
6592,3205
6593,3206
6594,3039
6595,3207
6596,3208
6597,3209
6598,3210
6599,3211
66,3
660,3
6600,3212
6601,3213
6602,3
6603,2961
6604,3
6605,579
6606,3214
6607,3215
6608,3
6609,3216
661,3
6610,2886
6611,2511
6612,3
6613,2593
6614,3
6615,3217
6616,3218
6617,3219
6618,238
6619,3
662,3
6620,3220
6621,3221
6622,3222
6623,3223
6624,3098
6625,3224
6626,3225
6627,3226
6628,2862
6629,2862
663,3
6630,2862
6631,3227
6632,3228
6633,3229
6634,2141
6635,3230
6636,3
6637,3100
6638,3231
6639,3232
664,3
6640,3233
6641,3234
6642,3235
6643,3236
6644,3237
6645,3238
6646,1106
6647,3
6648,3239
6649,3240
665,3241
6650,3242
6651,3
6652,3
6653,3
6654,3243
6655,3244
6656,135
6657,3245
6658,3246
6659,3
666,3
6660,3
6661,3
6662,3247
6663,3248
6664,3
6665,394
6666,3249
6667,3250
6668,3251
6669,2961
667,3252
6670,1907
6671,3253
6672,3
6673,3
6674,3
6675,3
6676,533
6677,3
6678,1312
6679,3
668,3
6680,3254
6681,3255
6682,3256
6683,3257
6684,3258
6685,3259
6686,3260
6687,3261
6688,3262
6689,3263
669,3
6690,3264
6691,3
6692,549
6693,3265
6694,3
6695,3266
6696,3
6697,2353
6698,3
6699,3267
67,3
670,3
6700,3268
6701,3269
6702,3270
6703,986
6704,3271
6705,3272
6706,1299
6707,3273
6708,3
6709,3274
671,3275
6710,3
6711,540
6712,2695
6713,3276
6714,2838
6715,3
6716,2705
6717,3277
6718,3
6719,3278
672,3275
6720,3279
6721,3280
6722,3281
6723,3230
6724,3282
6725,3
6726,684
6727,684
6728,684
6729,3
673,3283
6730,3284
6731,3285
6732,3
6733,3
6734,1647
6735,3064
6736,3145
6737,3286
6738,54
6739,3287
674,3
6740,3288
6741,3289
6742,3
6743,3290
6744,3291
6745,3
6746,482
6747,3292
6748,3293
6749,3294
675,3
6750,3295
6751,3
6752,3296
6753,57
6754,3297
6755,3298
6756,3297
6757,3299
6758,3300
6759,3301
676,3
6760,298
6761,3302
6762,3303
6763,3304
6764,3
6765,3305
6766,3306
6767,3
6768,3307
6769,743
677,915
6770,2844
6771,3
6772,3308
6773,3309
6774,3
6775,3
6776,3310
6777,1283
6778,3311
6779,3312
678,3
6780,3313
6781,3314
6782,3005
6783,3
6784,3315
6785,3316
6786,3
6787,208
6788,3317
6789,3
679,3
6790,3318
6791,3319
6792,3
6793,2141
6794,3145
6795,1371
6796,3
6797,3320
6798,878
6799,266
68,3
680,3
6800,3321
6801,933
6802,3322
6803,3323
6804,3
6805,3324
6806,3325
6807,3
6808,1900
6809,428
681,3
6810,3326
6811,3327
6812,3
6813,3
6814,3328
6815,2527
6816,3329
6817,3330
6818,3331
6819,3332
682,3333
6820,3334
6821,3
6822,3335
6823,3
6824,3336
6825,3
6826,3
6827,251
6828,3
6829,3337
683,3
6830,3338
6831,3339
6832,3340
6833,3341
6834,3
6835,3
6836,3
6837,3
6838,3342
6839,3343
684,3344
6840,3345
6841,3210
6842,3
6843,548
6844,3346
6845,536
6846,3347
6847,3348
6848,706
6849,3349
685,3
6850,3
6851,3349
6852,3350
6853,3263
6854,3351
6855,3352
6856,1763
6857,3353
6858,3
6859,3354
686,3140
6860,3355
6861,3356
6862,3354
6863,3357
6864,3358
6865,2987
6866,3359
6867,313
6868,3360
6869,3
687,3
6870,3361
6871,464
6872,3
6873,3362
6874,3363
6875,3364
6876,2217
6877,3365
6878,3366
6879,355
688,1738
6880,3367
6881,251
6882,3368
6883,1099
6884,2317
6885,3369
6886,3
6887,3370
6888,3371
6889,1538
689,167
6890,3
6891,3
6892,579
6893,3372
6894,511
6895,3
6896,3
6897,2101
6898,703
6899,3373
69,3374
690,3275
6900,3375
6901,3376
6902,3
6903,3377
6904,2984
6905,1042
6906,1042
6907,3
6908,3
6909,3378
691,1640
6910,2843
6911,3379
6912,3380
6913,3381
6914,3382
6915,3383
6916,3384
6917,231
6918,3
6919,3385
692,3
6920,3
6921,3386
6922,3387
6923,3
6924,3
6925,3388
6926,3389
6927,3
6928,3390
6929,3391
693,1370
6930,3392
6931,3
6932,1331
6933,3393
6934,3394
6935,3395
6936,3
6937,710
6938,3
6939,3396
694,3336
6940,3397
6941,3398
6942,3
6943,3399
6944,1487
6945,699
6946,3400
6947,3401
6948,3402
6949,3403
695,3404
6950,3405
6951,543
6952,3
6953,3406
6954,3
6955,3407
6956,3
6957,1976
6958,23
6959,1623
696,3404
6960,3408
6961,1120
6962,3409
6963,3410
6964,3
6965,3411
6966,3
6967,3412
6968,3413
6969,3414
697,3
6970,3
6971,3
6972,3
6973,3415
6974,3416
6975,3
6976,3417
6977,3
6978,2515
6979,2352
698,3
6980,3418
6981,3419
6982,3
6983,3420
6984,3421
6985,3422
6986,3423
6987,3424
6988,3424
6989,3425
699,375
6990,3426
6991,3427
6992,3427
6993,3428
6994,3429
6995,2809
6996,3430
6997,3
6998,3431
6999,3
7,3432
70,3
700,3
7000,3433
7001,3434
7002,3254
7003,3435
7004,3436
7005,3437
7006,3438
7007,3
7008,3439
7009,3440
701,3
7010,3441
7011,3442
7012,3443
7013,3444
7014,28
7015,3445
7016,3446
7017,3447
7018,3
7019,3448
702,3449
7020,3450
7021,3451
7022,3452
7023,883
7024,3453
7025,3
7026,3454
7027,1783
7028,3455
7029,3
703,3456
7030,3
7031,3457
7032,3457
7033,1469
7034,3
7035,3458
7036,2118
7037,3459
7038,3460
7039,3461
704,3
7040,3
7041,3462
7042,3463
7043,564
7044,3464
7045,3465
7046,3466
7047,2942
7048,3467
7049,727
705,3468
7050,3469
7051,3
7052,3470
7053,3471
7054,3472
7055,3
7056,3473
7057,1604
7058,3474
7059,3475
706,3476
7060,3
7061,3477
7062,3478
7063,3479
7064,3480
7065,3481
7066,3482
7067,3483
7068,3484
7069,3485
707,3
7070,3
7071,148
7072,148
7073,148
7074,148
7075,3486
7076,2374
7077,3487
7078,1716
7079,3488
708,3489
7080,3490
7081,3
7082,3
7083,3
7084,3
7085,3491
7086,3
7087,3492
7088,3493
7089,2389
709,3494
7090,2389
7091,2389
7092,1538
7093,3495
7094,3496
7095,119
7096,3497
7097,3498
7098,3499
7099,3
71,3
710,3
7100,3500
7101,3
7102,3
7103,3501
7104,2515
7105,3502
7106,1301
7107,2806
7108,3503
7109,3504
711,3
7110,1027
7111,3505
7112,3506
7113,3507
7114,1716
7115,3508
7116,1997
7117,3
7118,395
7119,1964
712,3509
7120,3510
7121,3
7122,3116
7123,3439
7124,3
7125,1583
7126,3
7127,1538
7128,3511
7129,3512
713,3513
7130,3
7131,3514
7132,3
7133,3515
7134,3516
7135,3517
7136,3518
7137,3519
7138,5
7139,3
714,3
7140,3520
7141,3521
7142,3522
7143,3
7144,3
7145,710
7146,1377
7147,3523
7148,3524
7149,3
715,3
7150,3525
7151,3526
7152,3527
7153,357
7154,1934
7155,1075
7156,3
7157,3528
7158,3
7159,3529
716,3
7160,3530
7161,3531
7162,3532
7163,3533
7164,3534
7165,3535
7166,3536
7167,3537
7168,3538
7169,3
717,3539
7170,3381
7171,1356
7172,3540
7173,3541
7174,3542
7175,2849
7176,3543
7177,3543
7178,3
7179,3544
718,3
7180,3544
7181,1264
7182,3545
7183,3
7184,3546
7185,3
7186,3
7187,715
7188,3
7189,2987
719,3547
7190,3548
7191,3549
7192,127
7193,3550
7194,1371
7195,483
7196,3033
7197,3
7198,1716
7199,1716
72,3551
720,3
7200,3552
7201,3553
7202,3554
7203,3065
7204,455
7205,83
7206,3555
7207,3556
7208,3557
7209,3558
721,3
7210,3559
7211,3560
7212,3561
7213,849
7214,277
7215,3
7216,3
7217,3562
7218,3
7219,1417
722,773
7220,3563
7221,3564
7222,3565
7223,3
7224,3566
7225,3567
7226,3568
7227,3
7228,3569
7229,3569
723,3570
7230,3571
7231,3571
7232,3571
7233,3
7234,3569
7235,1367
7236,3
7237,3572
7238,3573
7239,3574
724,1310
7240,3575
7241,3576
7242,3577
7243,3578
7244,3579
7245,3018
7246,3
7247,3580
7248,2511
7249,3581
725,3447
7250,3582
7251,3583
7252,2443
7253,42
7254,3584
7255,3
7256,3
7257,3
7258,3
7259,3585
726,3
7260,3586
7261,3587
7262,3588
7263,1091
7264,3
7265,3
7266,678
7267,3
7268,3589
7269,3
727,3590
7270,3591
7271,3592
7272,3593
7273,3594
7274,3595
7275,3596
7276,3597
7277,3598
7278,3598
7279,3598
728,3599
7280,3
7281,3600
7282,3601
7283,3602
7284,3603
7285,3217
7286,3
7287,1216
7288,3
7289,3604
729,3120
7290,3605
7291,3
7292,3
7293,3606
7294,3607
7295,3608
7296,3609
7297,3610
7298,3
7299,1242
73,3
730,3
7300,3394
7301,3
7302,3
7303,3611
7304,1934
7305,3612
7306,3613
7307,2331
7308,3
7309,148
731,3
7310,3614
7311,3615
7312,3616
7313,3
7314,3617
7315,3618
7316,3619
7317,588
7318,744
7319,3
732,3
7320,744
7321,3620
7322,3
7323,3621
7324,2663
7325,3
7326,3
7327,3622
7328,3623
7329,3624
733,3
7330,3625
7331,3626
7332,3
7333,2822
7334,3627
7335,3628
7336,3629
7337,3630
7338,1804
7339,3
734,3
7340,3631
7341,1419
7342,3632
7343,3
7344,3
7345,3633
7346,415
7347,3634
7348,3575
7349,3
735,3
7350,3
7351,3635
7352,3636
7353,3637
7354,3
7355,3638
7356,3639
7357,3640
7358,1934
7359,3641
736,3642
7360,3
7361,3643
7362,3644
7363,3645
7364,3646
7365,3647
7366,3648
7367,3649
7368,3650
7369,3
737,3651
7370,3652
7371,3653
7372,3654
7373,838
7374,3655
7375,3656
7376,2487
7377,3
7378,3657
7379,2862
738,3658
7380,3659
7381,3660
7382,3
7383,3
7384,3
7385,3661
7386,3
7387,710
7388,883
7389,3662
739,3
7390,3663
7391,3664
7392,3665
7393,3
7394,466
7395,3666
7396,1516
7397,3667
7398,3668
7399,3669
74,658
740,3670
7400,3493
7401,3671
7402,910
7403,3672
7404,298
7405,3
7406,3673
7407,3
7408,3674
7409,3
741,1576
7410,3675
7411,3217
7412,3676
7413,3677
7414,3678
7415,3679
7416,3680
7417,3681
7418,2686
7419,3
742,3682
7420,3683
7421,3684
7422,3685
7423,3686
7424,3687
7425,3688
7426,3689
7427,3690
7428,3691
7429,3472
743,3692
7430,3693
7431,3694
7432,251
7433,3695
7434,3696
7435,3697
7436,3
7437,3
7438,3698
7439,3
744,2250
7440,3699
7441,3700
7442,3701
7443,3702
7444,3702
7445,3703
7446,2031
7447,3
7448,3
7449,1401
745,3
7450,3
7451,3704
7452,3705
7453,3178
7454,3
7455,470
7456,3
7457,3706
7458,3
7459,3707
746,3708
7460,3
7461,3709
7462,1575
7463,1671
7464,3
7465,3710
7466,3711
7467,3712
7468,3713
7469,3
747,2250
7470,3714
7471,3715
7472,3716
7473,3717
7474,3718
7475,3719
7476,3720
7477,3721
7478,3722
7479,491
748,600
7480,568
7481,3
7482,2141
7483,3723
7484,3
7485,3724
7486,3
7487,1955
7488,3725
7489,3726
749,3
7490,3727
7491,2980
7492,3728
7493,3729
7494,3730
7495,3731
7496,2980
7497,3732
7498,2980
7499,3733
75,3
750,3
7500,3734
7501,3735
7502,3736
7503,3
7504,83
7505,3737
7506,3
7507,2305
7508,3738
7509,3739
751,3740
7510,3741
7511,3742
7512,3743
7513,3744
7514,8
7515,3745
7516,3746
7517,867
7518,588
7519,3747
752,3
7520,3748
7521,3749
7522,3
7523,934
7524,470
7525,710
7526,3750
7527,3751
7528,2101
7529,3
753,646
7530,3
7531,3752
7532,3753
7533,2118
7534,3754
7535,3502
7536,3755
7537,3756
7538,3757
7539,3
754,3
7540,3758
7541,3
7542,3759
7543,3760
7544,1763
7545,3761
7546,2996
7547,3762
7548,3
7549,3763
755,3764
7550,3765
7551,3766
7552,3
7553,3767
7554,3225
7555,3768
7556,3769
7557,3770
7558,1120
7559,3771
756,3
7560,2641
7561,3772
7562,3773
7563,3774
7564,3239
7565,3775
7566,678
7567,3776
7568,3777
7569,3
757,3778
7570,3
7571,3
7572,3
7573,3
7574,3
7575,3
7576,3779
7577,3
7578,189
7579,3780
758,3781
7580,1032
7581,2102
7582,2886
7583,3782
7584,3783
7585,3784
7586,1833
7587,3
7588,368
7589,3
759,3785
7590,3
7591,634
7592,2868
7593,3414
7594,3
7595,3786
7596,3787
7597,3788
7598,3
7599,3789
76,214
760,3790
7600,3
7601,3791
7602,3792
7603,3793
7604,3794
7605,3795
7606,3796
7607,3792
7608,3797
7609,3798
761,3790
7610,3799
7611,3
7612,3800
7613,3800
7614,3801
7615,3802
7616,3803
7617,3804
7618,3805
7619,3806
762,3
7620,3807
7621,3808
7622,3809
7623,3810
7624,3
7625,3
7626,3811
7627,3812
7628,3
7629,3
763,3813
7630,3
7631,3814
7632,3814
7633,3
7634,3815
7635,1479
7636,3816
7637,3817
7638,3818
7639,1487
764,3
7640,1487
7641,3
7642,3819
7643,3820
7644,3821
7645,3821
7646,3821
7647,3
7648,2897
7649,146
765,702
7650,3
7651,3209
7652,3822
7653,3823
7654,3824
7655,1887
7656,3825
7657,3825
7658,1887
7659,3826
766,3827
7660,456
7661,3828
7662,3829
7663,3
7664,3830
7665,3831
7666,3832
7667,3
7668,3833
7669,3834
767,1273
7670,3835
7671,3836
7672,3
7673,1606
7674,295
7675,3
7676,3
7677,1606
7678,3837
7679,3838
768,3
7680,3839
7681,3840
7682,3841
7683,3842
7684,3843
7685,3844
7686,3
7687,3845
7688,3846
7689,2511
769,3847
7690,3
7691,306
7692,3848
7693,3849
7694,3
7695,3850
7696,2331
7697,3851
7698,3852
7699,3
77,3
770,3853
7700,339
7701,796
7702,412
7703,3854
7704,3855
7705,3856
7706,3
7707,3546
7708,3857
7709,3858
771,3859
7710,3
7711,3
7712,3860
7713,2003
7714,3046
7715,247
7716,1045
7717,3178
7718,3861
7719,3
772,3862
7720,3863
7721,3828
7722,3
7723,3864
7724,3865
7725,3866
7726,3
7727,3867
7728,3868
7729,3869
773,3
7730,3
7731,897
7732,3870
7733,3248
7734,3871
7735,3872
7736,2672
7737,3873
7738,3874
7739,491
774,3875
7740,3876
7741,3877
7742,593
7743,3878
7744,3879
7745,678
7746,3880
7747,3881
7748,3
7749,3327
775,3882
7750,571
7751,756
7752,146
7753,3883
7754,3884
7755,3885
7756,3369
7757,3
7758,3886
7759,3887
776,3888
7760,3
7761,3
7762,3
7763,3
7764,3
7765,3
7766,3
7767,3
7768,3
7769,3
777,3044
7770,3
7771,3
7772,3
7773,3
7774,3
7775,3
7776,3
7777,3
7778,3
7779,3889
778,3890
7780,3
7781,3
7782,3
7783,3
7784,3
7785,3
7786,3
7787,3
7788,3
7789,3891
779,3
7790,3892
7791,3893
7792,676
7793,3894
7794,3145
7795,3100
7796,3895
7797,3896
7798,593
7799,3
78,744
780,3897
7800,199
7801,3
7802,536
7803,1716
7804,3898
7805,3899
7806,850
7807,3
7808,3900
7809,3
781,3
7810,3138
7811,3
7812,2663
7813,3
7814,3
7815,3901
7816,3
7817,2248
7818,2672
7819,3902
782,3903
7820,3904
7821,251
7822,3905
7823,3906
7824,3907
7825,3008
7826,3908
7827,3909
7828,3050
7829,3
783,3910
7830,3911
7831,3912
7832,3913
7833,3914
7834,3915
7835,3829
7836,3
7837,3916
7838,634
7839,3
784,3917
7840,3918
7841,3
7842,3919
7843,3
7844,3920
7845,3921
7846,3922
7847,3923
7848,3
7849,3924
785,3925
7850,3209
7851,3
7852,3926
7853,3927
7854,3133
7855,3928
7856,3866
7857,3
7858,2695
7859,3929
786,3
7860,3930
7861,3217
7862,3931
7863,3
7864,3932
7865,3933
7866,2895
7867,950
7868,3
7869,3934
787,90
7870,683
7871,3
7872,3935
7873,3
7874,1015
7875,3936
7876,889
7877,3937
7878,3938
7879,3
788,3230
7880,2813
7881,3939
7882,3939
7883,3939
7884,2813
7885,1260
7886,933
7887,3940
7888,3941
7889,1386
789,3942
7890,3943
7891,3944
7892,3945
7893,3
7894,3946
7895,95
7896,3947
7897,3948
7898,3
7899,3949
79,3950
790,3
7900,3589
7901,3578
7902,3951
7903,3952
7904,1590
7905,3953
7906,3064
7907,3
7908,1955
7909,3
791,3954
7910,2673
7911,3955
7912,3956
7913,1779
7914,3957
7915,3299
7916,3958
7917,3959
7918,3960
7919,3961
792,1097
7920,3962
7921,2013
7922,3647
7923,3288
7924,3963
7925,3964
7926,3965
7927,3966
7928,1054
7929,3967
793,3951
7930,2925
7931,3608
7932,3968
7933,3050
7934,3969
7935,3657
7936,204
7937,2066
7938,2066
7939,3878
794,2515
7940,3970
7941,3971
7942,3972
7943,3
7944,1612
7945,3973
7946,3974
7947,726
7948,1900
7949,3
795,3975
7950,1754
7951,3976
7952,1174
7953,3977
7954,3
7955,3978
7956,3979
7957,559
7958,148
7959,281
796,3
7960,3980
7961,3981
7962,3982
7963,3982
7964,3550
7965,3983
7966,3984
7967,3985
7968,3986
7969,3
797,3987
7970,3988
7971,3989
7972,3990
7973,3991
7974,3989
7975,3992
7976,3990
7977,3991
7978,3992
7979,3993
798,3994
7980,3995
7981,636
7982,2908
7983,3
7984,3996
7985,3
7986,773
7987,3997
7988,3997
7989,73
799,3998
7990,2544
7991,3999
7992,3
7993,4000
7994,3
7995,4001
7996,715
7997,4002
7998,1711
7999,3298
8,4003
80,3950
800,1538
8000,4004
8001,3
8002,2882
8003,3
8004,3622
8005,1696
8006,4005
8007,4006
8008,4007
8009,4008
801,4009
8010,4010
8011,349
8012,4011
8013,4012
8014,4013
8015,4014
8016,3
8017,4015
8018,3411
8019,4016
802,4017
8020,4018
8021,3
8022,3
8023,3
8024,4019
8025,1956
8026,4020
8027,4021
8028,4022
8029,4023
803,4024
8030,4025
8031,3
8032,3
8033,252
8034,85
8035,4026
8036,4027
8037,4028
8038,4029
8039,4030
804,4031
8040,247
8041,3
8042,4032
8043,2766
8044,1893
8045,3
8046,4033
8047,4034
8048,632
8049,4035
805,4036
8050,292
8051,1919
8052,28
8053,28
8054,1531
8055,4037
8056,4038
8057,4039
8058,4040
8059,3
806,3
8060,2876
8061,4041
8062,4042
8063,3
8064,4043
8065,3
807,89
8071,3
8075,349
8076,349
8077,349
8078,1759
8079,279
808,89
8083,3070
8084,3
8085,1976
8086,3
8088,2780
8089,934
809,90
8094,3
8095,3
8096,807
8098,3
810,234
8102,3138
8103,3
8106,2705
8108,3
811,2840
8110,3
8111,758
8118,3
812,405
8122,3
8125,579
8126,3
813,3985
8130,3
8132,57
8133,3
8137,3908
8138,3
8139,427
814,3
8143,3306
8144,3
8145,3546
8146,2568
8147,1099
8148,3
8149,3
8154,933
8157,1732
8162,2267
8166,3
8167,3455
8168,422
8172,2234
8174,3
8175,3
8176,3
8177,1249
8181,3
8183,3
8184,349
8185,148
8188,3951
8190,3
8193,933
8194,3
8195,1655
8198,2840
820,1538
8200,3
8204,1934
8207,3
8208,505
8209,3
821,3
8210,3
8213,2662
8215,3327
8217,3
8220,2515
8227,101
8228,491
8229,3291
8230,3951
8231,3916
8232,3
8237,3133
824,2445
8242,491
8244,3
8250,3292
8251,3
8253,1451
8256,1054
8258,3
826,3
8260,3564
8263,3
8266,3337
8269,3
827,2312
8270,261
8272,3
8273,251
8278,3
828,984
8280,2609
8281,3263
8283,3
8285,3948
8288,3
8290,29
8293,514
8297,3456
8298,491
8299,3298
83,3
8303,3441
8304,3306
8305,1414
8306,1414
8308,758
831,3
8310,313
8312,3
8313,1754
8314,2815
8316,3
8317,3
8318,2933
8321,412
8322,3
8326,1438
8327,3677
8328,3677
8329,3677
8330,3677
8331,3
8332,3
8333,2397
8334,3947
8335,3
8337,3
834,3
8342,142
8344,1838
8346,1689
8347,3424
8348,3
8350,3
8353,172
8354,3
8355,3235
8356,1583
8357,3291
8358,3
836,3
8361,3484
8363,1487
8367,3
8368,2779
8369,3
8372,3
8374,3
8375,3263
8377,3
8378,750
8379,3
838,3
8380,3
8385,2786
8386,325
8391,482
8392,2927
8393,3
8394,1242
8397,2869
8398,3
8399,1096
84,3
840,3404
8412,3
8414,313
8422,3
8423,3
8424,3
8425,3
8427,2851
8429,3
843,3
8430,3
8431,3751
8432,3
8434,438
8435,438
8436,184
8438,3
844,3
8440,3
8443,3
8444,2560
8445,1763
8446,2780
8454,3253
8455,637
8459,3045
846,1182
8461,980
8462,1427
847,3577
8470,315
8472,3
8473,3263
8475,3
8477,3
848,3
8482,932
8483,3
8487,342
849,3
8491,3
8492,362
8494,1458
8498,737
850,3
8500,3706
8503,295
8504,3
8505,1394
8507,3978
8511,3
8512,412
8513,3509
8516,1414
8519,3
852,3
8520,3
8524,3
8526,1560
8527,259
853,3
8532,2964
8534,3
854,3602
8540,3
8542,3
8543,83
8544,3821
8545,3
8546,3
8548,2387
855,3
8552,3
8555,2721
8556,3096
8557,746
8558,3
856,3
8561,3
8568,3
8570,3629
8575,3
8576,3
858,3
8581,614
8582,571
8585,1934
8586,3964
8589,3
8592,3662
8593,3
8594,3
8597,3
86,3
8601,3
8605,3
8606,3
8608,1301
8609,2417
8610,3
8611,3827
8612,1997
8614,2246
8615,1289
8618,3019
862,744
8620,1181
8626,90
8627,90
8629,466
863,3
8630,1104
8634,3
8638,2593
8639,2430
864,349
8640,2849
8643,3116
8645,3
8647,3
8648,3
865,730
8650,549
8652,294
8653,459
8654,3
866,2353
8660,2569
8667,3964
8669,4024
8670,3
8671,3142
8672,1696
8680,3
8683,1038
8685,3
869,3
8691,3
8697,148
87,1618
870,3
8701,3
8705,3064
8708,3239
8711,3
8713,3
8721,3
8722,3
8723,1427
8727,3
873,1333
8731,828
8732,1371
8736,251
8737,3
8741,3
8742,3
8743,3702
8748,3
875,3
8750,3
8756,3
8757,2897
8758,146
8759,3
876,26
8763,1297
8764,3608
8767,3235
8768,2886
8769,1919
877,3
8771,3546
8772,2000
8773,689
8774,3497
8776,3
8781,3
8783,3116
8784,3
8785,3
8786,3
8788,3712
8790,352
8791,249
8794,668
8796,3
8797,3
8798,3
88,3
8800,3744
8801,3
8803,412
8804,3
8805,2807
881,3
884,3
885,3
889,3
891,3
892,868
894,41
896,3431
897,3
90,3
901,3
903,3
905,193
907,1038
909,3
910,1852
913,3
919,3
921,3
922,3
924,3
925,2876
926,3
928,3
93,3
931,234
933,2038
934,172
935,2479
937,3
938,8
939,8
940,8
941,8
942,8
943,1538
944,2655
947,76
948,1809
95,668
952,357
954,3328
957,3116
958,3
959,1018
96,3
961,1761
963,3478
964,3
966,3
968,3
969,3
973,3
976,3
977,636
978,584
979,684
98,3
982,2847
983,1552
984,2166
985,604
986,1045
987,1045
99,3
990,1047
991,684
994,3
995,167
998,3
999,3
8066,4044
8067,4045
8068,4046
8069,4047
8070,4048
8072,4049
8073,4050
8074,4051
8080,4052
8081,4053
8082,4054
8087,4055
8090,4056
8091,4057
8092,4058
8093,4059
8097,4060
8099,4061
81,4062
8100,4063
8101,4064
8104,4065
8105,4066
8107,4067
8109,4068
8112,4069
8113,4070
8114,4071
8115,4072
8116,4073
8117,4074
8119,4075
8120,4076
8121,4077
8123,4078
8124,4079
8127,4080
8128,4081
8129,4082
8131,4083
8134,4084
8135,4085
8136,4086
8140,4087
8141,4088
8142,4089
815,4090
8150,4091
8151,4092
8152,4093
8153,4094
8155,4095
8156,4096
8158,4097
8159,4098
816,4099
8160,4100
8161,4101
8163,4102
8164,4103
8165,4104
8169,4105
817,4106
8170,4107
8171,4108
8173,4109
8178,4110
8179,4111
818,4112
8180,4113
8182,4114
8186,4115
8187,4116
8189,4117
819,4118
8191,4119
8192,4120
8196,4121
8197,4122
8199,4123
82,4124
8201,4125
8202,4126
8203,4127
8205,4128
8206,4129
8211,4130
8212,4131
8214,4132
8216,4133
8218,4134
8219,4135
822,4136
8221,4137
8222,4138
8223,4139
8224,4140
8225,4141
8226,4142
823,4143
8233,4144
8234,4145
8235,4146
8236,4147
8238,4148
8239,4149
8240,4150
8241,4151
8243,4152
8245,4153
8246,4154
8247,4155
8248,4156
8249,4157
825,4158
8252,4159
8254,4160
8255,4161
8257,4162
8259,4163
8261,4164
8262,4140
8264,4165
8265,4166
8267,4167
8268,4168
8271,4169
8274,4170
8275,4171
8276,4172
8277,4138
8279,4173
8282,4174
8284,4175
8286,4176
8287,4177
8289,4178
829,4179
8291,4046
8292,4180
8294,4181
8295,4182
8296,4183
830,4184
8300,4185
8301,4186
8302,4187
8307,4188
8309,4189
8311,4190
8315,4191
8319,4192
832,4193
8320,4194
8323,4195
8324,4196
8325,4197
833,4198
8336,4199
8338,4200
8339,4201
8340,4202
8341,4203
8343,4204
8345,4205
8349,4206
835,4207
8351,4208
8352,4209
8359,4210
8360,4211
8362,4212
8364,4213
8365,4214
8366,4215
837,4216
8370,4217
8371,4218
8373,4219
8376,4220
8381,4221
8382,4222
8383,4223
8384,4224
8387,4186
8388,4225
8389,4226
839,4227
8390,4228
8395,4229
8396,4230
8400,4231
8401,4232
8402,4233
8403,4234
8404,4235
8405,4236
8406,4236
8407,4237
8408,4238
8409,4239
841,4240
8410,4241
8411,4242
8413,4243
8415,4244
8416,4244
8417,4244
8418,4245
8419,4246
842,4247
8420,4248
8421,4249
8426,4250
8428,4251
8433,4252
8437,4253
8439,4254
8441,4255
8442,4256
8447,4257
8448,4258
8449,4259
845,4260
8450,4261
8451,4262
8452,4263
8453,4264
8456,4265
8457,4266
8458,4267
8460,4268
8463,4269
8464,4270
8465,4271
8466,4272
8467,4273
8468,4274
8469,4275
8471,4276
8474,4277
8476,4278
8478,4279
8479,4280
8480,4281
8481,4282
8484,4283
8485,4284
8486,4285
8488,4286
8489,4287
8490,4288
8493,4289
8495,4290
8496,4291
8497,4292
8499,4212
85,4293
8501,4294
8502,4295
8506,4296
8508,4297
8509,4210
851,4298
8510,4299
8514,4178
8515,4300
8517,4301
8518,4302
8521,4303
8522,4304
8523,4305
8525,4306
8528,4307
8529,4308
8530,4309
8531,4310
8533,4311
8535,4312
8536,4313
8537,4136
8538,4314
8539,4315
8541,4316
8547,4317
8549,4318
8550,4319
8551,4320
8553,4321
8554,4322
8559,4323
8560,4324
8562,4325
8563,4326
8564,4327
8565,4328
8566,4329
8567,4330
8569,4331
857,4332
8571,4333
8572,4334
8573,4335
8574,4336
8577,4337
8578,4338
8579,4339
8580,4340
8583,4341
8584,4342
8587,4343
8588,4344
859,4345
8590,4346
8591,4347
8595,4348
8596,4349
8598,4350
8599,4351
860,4352
8600,4353
8602,4354
8603,4355
8604,4356
8607,4357
861,4358
8613,4359
8616,4360
8617,4361
8619,4362
8621,4363
8622,4364
8623,4365
8624,4366
8625,4365
8628,4367
8631,4368
8632,4369
8633,4370
8635,4371
8636,4372
8637,4373
8641,4374
8642,4375
8644,4376
8646,4377
8649,4378
8651,4379
8655,4380
8656,4381
8657,4382
8658,4383
8659,4384
8661,4129
8662,4177
8663,4385
8664,4386
8665,4387
8666,4388
8668,4389
867,4390
8673,4391
8674,4392
8675,4393
8676,4394
8677,4395
8678,4396
8679,4397
868,4398
8681,4399
8682,4400
8684,4401
8686,4402
8687,4403
8688,4404
8689,4405
8690,4406
8692,4219
8693,4407
8694,4408
8695,4409
8696,4410
8698,4411
8699,4285
8700,4412
8702,4413
8703,4414
8704,4415
8706,4416
8707,4417
8709,4221
871,4418
8710,4419
8712,4420
8714,4421
8715,4422
8716,4423
8717,4424
8718,4239
8719,4425
872,4426
8720,4427
8724,4428
8725,4429
8726,4430
8728,4431
8729,4432
8730,4433
8733,4434
8734,4435
8735,4436
8738,4437
8739,4438
874,4439
8740,4440
8744,4441
8745,4442
8746,4443
8747,4444
8749,4257
8751,4445
8752,4446
8753,4447
8754,4448
8755,4449
8760,4450
8761,4451
8762,4452
8765,4453
8766,4454
8770,4455
8775,4456
8777,4457
8778,4458
8779,4458
878,4459
8780,4460
8782,4461
8787,4462
8789,4463
879,4464
8792,4387
8793,4465
8795,4345
8799,4466
880,4467
8802,4468
8806,4469
8807,4470
882,4471
883,4472
886,4473
887,4474
888,4475
89,4476
890,4477
893,4347
895,4155
898,4478
899,4479
9,4480
900,4481
902,4482
904,4483
906,4484
908,4485
91,4486
911,4487
912,4488
914,4489
915,4490
916,4491
917,4492
918,4493
92,4494
920,4495
923,4496
927,4497
929,4498
930,4499
932,4500
936,4501
94,4502
945,4503
946,4504
949,4505
950,4506
951,4236
953,4507
955,4508
956,4509
960,4510
962,4511
965,4512
967,4513
97,4514
970,4159
971,4515
972,4516
974,4517
975,4518
980,4519
981,4520
988,4521
989,4522
992,4523
993,4524
996,4525
997,4526
