fk_id_show_catalog,fk_id_country
1,1
2,1
3,2
4,3
5,4
6,5
7,6
8,7
9,8
10,4
11,4
12,4
13,4
14,4
15,4
16,4
17,1
18,6
19,9
20,10
21,1
22,11
23,11
24,11
25,1
26,12
27,11
28,11
29,11
30,11
31,1
32,4
33,1
34,13
35,4
36,4
37,1
38,14
39,15
40,16
41,17
42,1
43,18
44,1
45,11
46,4
47,4
48,1
49,19
50,19
51,1
52,1
53,19
54,1
55,1
56,20
57,21
58,16
59,22
60,19
61,19
62,1
63,1
64,4
65,1
66,4
67,1
68,23
69,11
70,1
71,24
72,1
73,16
74,1
75,16
76,25
77,26
78,27
79,1
80,1
81,11
82,1
83,4
84,4
85,4
86,4
87,28
88,4
89,4
90,4
91,1
92,29
93,30
94,1
95,4
96,1
97,30
98,16
99,31
100,11
101,1
102,8
103,1
104,32
105,19
106,4
107,11
108,4
109,4
110,4
111,33
112,11
113,4
114,34
115,35
116,1
117,36
118,1
119,30
120,36
121,37
122,1
123,31
124,11
125,4
126,38
127,39
128,40
129,1
130,1
131,11
132,11
133,4
134,41
135,36
136,42
137,36
138,43
139,1
140,11
141,44
142,1
143,45
144,1
145,1
146,1
147,4
148,45
149,4
150,19
151,4
152,1
153,46
154,1
155,32
156,47
157,48
158,4
159,1
160,1
161,11
162,1
163,1
164,49
165,50
166,51
167,45
168,16
169,11
170,19
171,1
172,22
173,1
174,52
175,1
176,31
177,1
178,1
179,1
180,53
181,4
182,54
183,45
184,55
185,34
186,34
187,11
188,45
189,7
190,1
191,11
192,19
193,56
194,1
195,57
196,16
197,16
198,58
199,19
200,59
201,1
202,37
203,46
204,4
205,1
206,45
207,4
208,30
209,31
210,19
211,1
212,60
213,11
214,1
215,37
216,1
217,61
218,4
219,31
220,1
221,62
222,37
223,15
224,4
225,4
226,1
227,1
228,63
229,11
230,64
231,1
232,49
233,45
234,4
235,55
236,8
237,65
238,16
239,55
240,55
241,1
242,4
243,55
244,55
245,45
246,1
247,4
248,55
249,66
250,32
251,1
252,39
253,4
254,4
255,15
256,11
257,67
258,68
259,63
260,11
261,1
262,69
263,31
264,34
265,4
266,39
267,32
268,70
269,4
270,1
271,1
272,1
273,1
274,1
275,11
276,1
277,4
278,4
279,1
280,16
281,4
282,4
283,49
284,15
285,1
286,1
287,4
288,71
289,19
290,72
291,1
292,1
293,34
294,73
295,4
296,74
297,1
298,11
299,75
300,15
301,76
302,11
303,32
304,76
305,4
306,1
307,19
308,1
309,1
310,4
311,1
312,1
313,36
314,25
315,45
316,11
317,11
318,1
319,77
320,16
321,59
322,45
323,1
324,4
325,4
326,37
327,11
328,78
329,11
330,15
331,11
332,16
333,1
334,16
335,79
336,3
337,4
338,1
339,45
340,1
341,1
342,1
343,11
344,1
345,1
346,45
347,4
348,1
349,1
350,31
351,45
352,1
353,1
354,34
355,11
356,45
357,1
358,1
359,6
360,80
361,6
362,34
363,32
364,1
365,81
366,82
367,1
368,1
369,4
370,39
371,1
372,1
373,1
374,83
375,30
376,1
377,39
378,84
379,34
380,85
381,60
382,59
383,1
384,16
385,1
386,7
387,30
388,82
389,86
390,1
391,51
392,69
393,1
394,6
395,1
396,1
397,25
398,1
399,1
400,45
401,1
402,87
403,88
404,14
405,1
406,89
407,1
408,1
409,39
410,90
411,1
412,34
413,91
414,1
415,45
416,1
417,32
418,55
419,1
420,1
421,11
422,1
423,92
424,92
425,31
426,49
427,4
428,4
429,25
430,16
431,19
432,93
433,21
434,94
435,1
436,1
437,95
438,1
439,6
440,1
441,1
442,1
443,1
444,96
445,74
446,4
447,1
448,1
449,1
450,1
451,1
452,60
453,1
454,97
455,1
456,98
457,36
458,99
459,1
460,11
461,1
462,16
463,32
464,32
465,1
466,1
467,100
468,4
469,101
470,45
471,1
472,39
473,11
474,11
475,102
476,1
477,11
478,45
479,103
480,3
481,11
482,1
483,55
484,34
485,32
486,104
487,105
488,4
489,1
490,39
491,1
492,1
493,106
494,11
495,4
496,1
497,1
498,107
499,1
500,36
501,1
502,1
503,1
504,1
505,1
506,1
507,1
508,1
509,1
510,1
511,1
512,45
513,1
514,1
515,6
516,1
517,4
518,108
519,1
520,1
521,1
522,109
523,16
524,1
525,1
526,1
527,4
528,11
529,1
530,32
531,32
532,1
533,1
534,110
535,4
536,7
537,45
538,59
539,4
540,16
541,1
542,36
543,1
544,111
545,112
546,4
547,11
548,25
549,11
550,1
551,14
552,1
553,32
554,32
555,14
556,1
557,4
558,1
559,1
560,59
561,1
562,1
563,16
564,38
565,1
566,113
567,45
568,45
569,1
570,1
571,49
572,63
573,45
574,1
575,57
576,1
577,107
578,1
579,4
580,114
581,115
582,11
583,115
584,115
585,69
586,25
587,32
588,14
589,38
590,16
591,1
592,14
593,1
594,4
595,60
596,4
597,116
598,57
599,1
600,1
601,46
602,117
603,19
604,1
605,45
606,11
607,1
608,25
609,1
610,1
611,1
612,1
613,19
614,118
615,1
616,119
617,1
618,1
619,20
620,39
621,4
622,1
623,1
624,37
625,34
626,1
627,11
628,19
629,120
630,4
631,14
632,14
633,14
634,14
635,1
636,121
637,63
638,7
639,1
640,1
641,1
642,122
643,1
644,60
645,123
646,25
647,1
648,1
649,4
650,1
651,16
652,1
653,4
654,39
655,59
656,25
657,1
658,11
659,1
660,1
661,15
662,57
663,55
664,1
665,4
666,1
667,14
668,1
669,124
670,125
671,4
672,60
673,14
674,45
675,126
676,32
677,82
678,15
679,127
680,1
681,1
682,128
683,1
684,1
685,45
686,129
687,1
688,1
689,1
690,130
691,1
692,131
693,132
694,92
695,36
696,1
697,133
698,16
699,134
700,1
701,45
702,135
703,14
704,14
705,1
706,1
707,1
708,16
709,1
710,1
711,34
712,11
713,1
714,8
715,15
716,1
717,7
718,16
719,14
720,1
721,1
722,14
723,45
724,1
725,19
726,37
727,25
728,4
729,11
730,31
731,1
732,1
733,100
734,63
735,4
736,1
737,1
738,16
739,63
740,1
741,136
742,65
743,1
744,30
745,4
746,137
747,1
748,11
749,1
750,1
751,11
752,11
753,11
754,11
755,14
756,11
757,36
758,11
759,11
760,1
761,14
762,11
763,1
764,46
765,1
766,1
767,1
768,1
769,37
770,1
771,36
772,1
773,19
774,1
775,25
776,138
777,1
778,37
779,4
780,1
781,1
782,1
783,1
784,11
785,1
786,60
787,7
788,34
789,14
790,55
791,1
792,14
793,1
794,16
795,11
796,100
797,36
798,60
799,8
800,1
801,1
802,1
803,139
804,140
805,1
806,1
807,4
808,141
809,31
810,1
811,59
812,142
813,71
814,1
815,8
816,1
817,14
818,100
819,25
820,14
821,1
822,63
823,25
824,1
825,25
826,81
827,11
828,15
829,19
830,4
831,4
832,25
833,120
834,1
835,1
836,1
837,1
838,1
839,1
840,25
841,1
842,1
843,1
844,1
845,25
846,1
847,143
848,144
849,1
850,145
851,1
852,146
853,2
854,16
855,147
856,1
857,1
858,16
859,1
860,60
861,107
862,8
863,1
864,45
865,31
866,11
867,4
868,37
869,1
870,39
871,1
872,7
873,148
874,14
875,1
876,4
877,1
878,82
879,1
880,1
881,1
882,1
883,100
884,1
885,59
886,11
887,149
888,8
889,60
890,6
891,1
892,15
893,1
894,150
895,1
896,34
897,1
898,1
899,107
900,14
901,45
902,4
903,14
904,151
905,1
906,152
907,1
908,45
909,25
910,1
911,20
912,20
913,4
914,20
915,153
916,20
917,154
918,20
919,155
920,156
921,157
922,158
923,4
924,1
925,159
926,20
927,139
928,160
929,1
930,16
931,45
932,65
933,1
934,1
935,1
936,39
937,148
938,1
939,161
940,136
941,1
942,1
943,63
944,45
945,1
946,1
947,162
948,32
949,1
950,1
951,11
952,1
953,59
954,1
955,6
956,11
957,4
958,45
959,1
960,11
961,11
962,11
963,1
964,11
965,11
966,1
967,1
968,4
969,11
970,163
971,25
972,1
973,1
974,39
975,16
976,100
977,16
978,36
979,4
980,1
981,117
982,1
983,45
984,25
985,1
986,11
987,49
988,25
989,55
990,39
991,4
992,4
993,55
994,4
995,1
996,1
997,8
998,31
999,11
1000,7
1001,4
1002,4
1003,55
1004,1
1005,6
1006,115
1007,164
1008,1
1009,57
1010,1
1011,16
1012,19
1013,11
1014,1
1015,60
1016,1
1017,165
1018,51
1019,4
1020,79
1021,49
1022,100
1023,19
1024,119
1025,4
1026,121
1027,166
1028,1
1029,1
1030,1
1031,6
1032,1
1033,167
1034,19
1035,11
1036,1
1037,168
1038,1
1039,1
1040,8
1041,1
1042,1
1043,1
1044,85
1045,11
1046,169
1047,11
1048,11
1049,11
1050,11
1051,11
1052,11
1053,11
1054,11
1055,1
1056,1
1057,4
1058,1
1059,11
1060,15
1061,4
1062,4
1063,1
1064,16
1065,4
1066,24
1067,1
1068,11
1069,45
1070,1
1071,1
1072,1
1073,19
1074,19
1075,19
1076,19
1077,19
1078,4
1079,4
1080,19
1081,63
1082,11
1083,11
1084,4
1085,11
1086,11
1087,11
1088,11
1089,1
1090,4
1091,1
1092,1
1093,32
1094,11
1095,4
1096,39
1097,45
1098,4
1099,1
1100,15
1101,31
1102,7
1103,1
1104,170
1105,4
1106,82
1107,1
1108,1
1109,34
1110,171
1111,45
1112,57
1113,4
1114,11
1115,172
1116,45
1117,2
1118,1
1119,173
1120,4
1121,31
1122,174
1123,6
1124,39
1125,11
1126,1
1127,1
1128,175
1129,34
1130,45
1131,4
1132,11
1133,11
1134,11
1135,11
1136,11
1137,11
1138,11
1139,1
1140,1
1141,11
1142,55
1143,11
1144,11
1145,32
1146,63
1147,11
1148,1
1149,11
1150,39
1151,1
1152,34
1153,100
1154,1
1155,16
1156,16
1157,57
1158,11
1159,55
1160,4
1161,1
1162,176
1163,45
1164,1
1165,1
1166,57
1167,1
1168,31
1169,11
1170,14
1171,60
1172,32
1173,1
1174,45
1175,1
1176,15
1177,3
1178,177
1179,4
1180,11
1181,178
1182,14
1183,38
1184,19
1185,1
1186,179
1187,43
1188,19
1189,19
1190,1
1191,11
1192,39
1193,180
1194,1
1195,1
1196,1
1197,11
1198,34
1199,1
1200,7
1201,19
1202,11
1203,181
1204,45
1205,25
1206,11
1207,1
1208,1
1209,37
1210,11
1211,182
1212,34
1213,11
1214,19
1215,1
1216,59
1217,1
1218,69
1219,183
1220,1
1221,1
1222,45
1223,1
1224,4
1225,11
1226,1
1227,1
1228,4
1229,31
1230,11
1231,6
1232,1
1233,25
1234,1
1235,16
1236,11
1237,1
1238,63
1239,100
1240,1
1241,1
1242,4
1243,1
1244,31
1245,32
1246,1
1247,11
1248,32
1249,37
1250,184
1251,16
1252,4
1253,179
1254,121
1255,11
1256,60
1257,4
1258,185
1259,25
1260,186
1261,45
1262,1
1263,1
1264,69
1265,1
1266,19
1267,39
1268,37
1269,4
1270,21
1271,1
1272,11
1273,1
1274,1
1275,1
1276,19
1277,1
1278,4
1279,31
1280,4
1281,187
1282,15
1283,34
1284,4
1285,15
1286,1
1287,1
1288,1
1289,1
1290,1
1291,11
1292,1
1293,25
1294,78
1295,110
1296,39
1297,4
1298,1
1299,4
1300,1
1301,60
1302,11
1303,1
1304,1
1305,1
1306,1
1307,1
1308,25
1309,19
1310,1
1311,25
1312,25
1313,11
1314,188
1315,19
1316,1
1317,4
1318,25
1319,45
1320,15
1321,11
1322,57
1323,1
1324,4
1325,1
1326,36
1327,189
1328,1
1329,11
1330,4
1331,31
1332,190
1333,191
1334,82
1335,55
1336,19
1337,1
1338,1
1339,1
1340,1
1341,1
1342,11
1343,30
1344,11
1345,192
1346,1
1347,1
1348,31
1349,193
1350,19
1351,34
1352,37
1353,1
1354,16
1355,57
1356,1
1357,107
1358,4
1359,1
1360,194
1361,45
1362,4
1363,45
1364,195
1365,39
1366,8
1367,196
1368,1
1369,4
1370,1
1371,60
1372,31
1373,1
1374,125
1375,31
1376,6
1377,4
1378,1
1379,197
1380,4
1381,31
1382,7
1383,1
1384,8
1385,39
1386,57
1387,60
1388,1
1389,63
1390,1
1391,4
1392,1
1393,1
1394,62
1395,4
1396,19
1397,55
1398,16
1399,165
1400,1
1401,8
1402,4
1403,1
1404,21
1405,4
1406,198
1407,4
1408,11
1409,11
1410,11
1411,11
1412,11
1413,4
1414,11
1415,11
1416,11
1417,11
1418,11
1419,11
1420,27
1421,11
1422,11
1423,11
1424,1
1425,11
1426,11
1427,11
1428,11
1429,1
1430,11
1431,11
1432,11
1433,11
1434,11
1435,49
1436,11
1437,11
1438,11
1439,11
1440,34
1441,1
1442,199
1443,200
1444,19
1445,1
1446,4
1447,1
1448,1
1449,201
1450,1
1451,60
1452,1
1453,7
1454,45
1455,59
1456,36
1457,34
1458,4
1459,55
1460,25
1461,202
1462,55
1463,1
1464,37
1465,1
1466,203
1467,51
1468,39
1469,1
1470,7
1471,19
1472,1
1473,204
1474,205
1475,32
1476,31
1477,4
1478,3
1479,8
1480,1
1481,69
1482,1
1483,1
1484,31
1485,14
1486,11
1487,4
1488,11
1489,16
1490,11
1491,45
1492,11
1493,11
1494,1
1495,11
1496,45
1497,206
1498,1
1499,1
1500,11
1501,31
1502,4
1503,16
1504,1
1505,31
1506,1
1507,11
1508,207
1509,1
1510,1
1511,1
1512,39
1513,4
1514,60
1515,55
1516,208
1517,1
1518,209
1519,19
1520,210
1521,207
1522,63
1523,63
1524,4
1525,63
1526,4
1527,14
1528,27
1529,63
1530,20
1531,63
1532,63
1533,211
1534,1
1535,4
1536,37
1537,1
1538,212
1539,1
1540,1
1541,37
1542,213
1543,115
1544,31
1545,1
1546,4
1547,11
1548,1
1549,32
1550,11
1551,1
1552,4
1553,214
1554,15
1555,1
1556,19
1557,4
1558,4
1559,19
1560,6
1561,215
1562,216
1563,121
1564,7
1565,1
1566,1
1567,1
1568,16
1569,4
1570,60
1571,16
1572,1
1573,82
1574,11
1575,11
1576,217
1577,1
1578,1
1579,63
1580,1
1581,1
1582,11
1583,31
1584,1
1585,36
1586,1
1587,4
1588,19
1589,55
1590,55
1591,4
1592,63
1593,1
1594,1
1595,4
1596,63
1597,63
1598,63
1599,4
1600,63
1601,63
1602,4
1603,63
1604,25
1605,218
1606,63
1607,63
1608,19
1609,11
1610,219
1611,16
1612,220
1613,4
1614,19
1615,19
1616,43
1617,16
1618,16
1619,1
1620,221
1621,222
1622,220
1623,11
1624,4
1625,1
1626,207
1627,185
1628,19
1629,220
1630,220
1631,100
1632,8
1633,106
1634,8
1635,4
1636,30
1637,1
1638,1
1639,11
1640,1
1641,32
1642,32
1643,45
1644,31
1645,19
1646,1
1647,1
1648,25
1649,32
1650,123
1651,4
1652,4
1653,206
1654,16
1655,63
1656,4
1657,4
1658,4
1659,63
1660,63
1661,63
1662,223
1663,1
1664,4
1665,45
1666,1
1667,6
1668,11
1669,4
1670,69
1671,11
1672,63
1673,63
1674,63
1675,63
1676,63
1677,63
1678,1
1679,1
1680,4
1681,63
1682,63
1683,224
1684,63
1685,31
1686,45
1687,1
1688,123
1689,16
1690,16
1691,1
1692,1
1693,20
1694,34
1695,39
1696,1
1697,1
1698,19
1699,1
1700,27
1701,16
1702,4
1703,8
1704,225
1705,32
1706,32
1707,220
1708,11
1709,4
1710,6
1711,31
1712,123
1713,11
1714,11
1715,1
1716,220
1717,25
1718,1
1719,11
1720,11
1721,226
1722,1
1723,1
1724,1
1725,1
1726,7
1727,1
1728,25
1729,227
1730,25
1731,220
1732,123
1733,30
1734,32
1735,4
1736,1
1737,4
1738,1
1739,228
1740,60
1741,11
1742,100
1743,1
1744,69
1745,4
1746,4
1747,4
1748,1
1749,1
1750,1
1751,1
1752,4
1753,1
1754,1
1755,1
1756,125
1757,4
1758,1
1759,1
1760,1
1761,1
1762,117
1763,57
1764,229
1765,19
1766,11
1767,25
1768,4
1769,11
1770,92
1771,1
1772,1
1773,4
1774,4
1775,4
1776,49
1777,1
1778,19
1779,8
1780,230
1781,231
1782,36
1783,60
1784,19
1785,59
1786,1
1787,55
1788,16
1789,31
1790,1
1791,4
1792,45
1793,11
1794,57
1795,55
1796,232
1797,63
1798,55
1799,55
1800,233
1801,55
1802,4
1803,4
1804,55
1805,55
1806,1
1807,63
1808,234
1809,11
1810,11
1811,1
1812,45
1813,4
1814,11
1815,63
1816,16
1817,235
1818,63
1819,236
1820,63
1821,63
1822,63
1823,63
1824,1
1825,4
1826,45
1827,4
1828,11
1829,55
1830,11
1831,43
1832,32
1833,32
1834,6
1835,1
1836,32
1837,16
1838,1
1839,1
1840,82
1841,31
1842,34
1843,77
1844,45
1845,19
1846,19
1847,1
1848,237
1849,1
1850,1
1851,11
1852,11
1853,16
1854,1
1855,55
1856,125
1857,11
1858,6
1859,11
1860,15
1861,1
1862,193
1863,238
1864,39
1865,239
1866,240
1867,1
1868,241
1869,60
1870,1
1871,55
1872,14
1873,11
1874,1
1875,11
1876,1
1877,31
1878,31
1879,4
1880,1
1881,25
1882,1
1883,242
1884,243
1885,39
1886,1
1887,7
1888,1
1889,19
1890,4
1891,7
1892,4
1893,14
1894,1
1895,1
1896,1
1897,1
1898,1
1899,244
1900,1
1901,206
1902,245
1903,1
1904,1
1905,34
1906,246
1907,19
1908,19
1909,11
1910,94
1911,11
1912,1
1913,1
1914,81
1915,94
1916,11
1917,11
1918,11
1919,11
1920,11
1921,11
1922,1
1923,11
1924,1
1925,11
1926,11
1927,11
1928,11
1929,11
1930,11
1931,11
1932,45
1933,11
1934,11
1935,39
1936,4
1937,19
1938,11
1939,45
1940,1
1941,247
1942,1
1943,45
1944,11
1945,30
1946,1
1947,1
1948,11
1949,11
1950,4
1951,1
1952,1
1953,25
1954,11
1955,1
1956,120
1957,100
1958,4
1959,11
1960,16
1961,1
1962,1
1963,1
1964,11
1965,11
1966,1
1967,25
1968,34
1969,25
1970,25
1971,1
1972,4
1973,248
1974,4
1975,27
1976,15
1977,15
1978,1
1979,249
1980,1
1981,248
1982,34
1983,1
1984,250
1985,251
1986,4
1987,100
1988,4
1989,46
1990,69
1991,6
1992,1
1993,1
1994,11
1995,45
1996,45
1997,1
1998,7
1999,39
2000,1
2001,1
2002,46
2003,43
2004,121
2005,1
2006,81
2007,19
2008,38
2009,45
2010,1
2011,252
2012,1
2013,1
2014,1
2015,11
2016,4
2017,4
2018,1
2019,4
2020,11
2021,1
2022,57
2023,107
2024,31
2025,8
2026,1
2027,253
2028,1
2029,55
2030,126
2031,1
2032,1
2033,254
2034,120
2035,6
2036,1
2037,255
2038,4
2039,57
2040,11
2041,39
2042,1
2043,1
2044,34
2045,1
2046,256
2047,31
2048,4
2049,11
2050,27
2051,257
2052,1
2053,234
2054,34
2055,36
2056,60
2057,37
2058,1
2059,11
2060,57
2061,45
2062,1
2063,19
2064,15
2065,11
2066,4
2067,4
2068,258
2069,1
2070,58
2071,1
2072,57
2073,1
2074,4
2075,39
2076,119
2077,1
2078,69
2079,1
2080,11
2081,57
2082,34
2083,6
2084,11
2085,1
2086,19
2087,19
2088,121
2089,31
2090,4
2091,31
2092,1
2093,31
2094,31
2095,1
2096,4
2097,31
2098,1
2099,1
2100,16
2101,69
2102,1
2103,25
2104,1
2105,16
2106,4
2107,100
2108,15
2109,11
2110,1
2111,11
2112,1
2113,16
2114,57
2115,60
2116,259
2117,1
2118,260
2119,1
2120,1
2121,31
2122,1
2123,1
2124,1
2125,4
2126,261
2127,262
2128,14
2129,82
2130,15
2131,57
2132,11
2133,11
2134,31
2135,19
2136,19
2137,1
2138,106
2139,4
2140,27
2141,57
2142,1
2143,1
2144,1
2145,1
2146,45
2147,6
2148,32
2149,1
2150,1
2151,263
2152,215
2153,11
2154,201
2155,1
2156,31
2157,57
2158,1
2159,11
2160,120
2161,4
2162,1
2163,1
2164,19
2165,264
2166,1
2167,1
2168,4
2169,1
2170,1
2171,1
2172,1
2173,1
2174,11
2175,34
2176,1
2177,11
2178,19
2179,1
2180,16
2181,1
2182,265
2183,266
2184,38
2185,45
2186,19
2187,19
2188,1
2189,1
2190,29
2191,11
2192,19
2193,6
2194,39
2195,31
2196,7
2197,1
2198,34
2199,19
2200,1
2201,11
2202,45
2203,1
2204,125
2205,4
2206,45
2207,60
2208,11
2209,11
2210,11
2211,1
2212,31
2213,59
2214,57
2215,4
2216,31
2217,1
2218,1
2219,1
2220,6
2221,1
2222,19
2223,4
2224,267
2225,39
2226,268
2227,1
2228,1
2229,269
2230,1
2231,11
2232,1
2233,11
2234,1
2235,270
2236,120
2237,1
2238,38
2239,25
2240,15
2241,1
2242,1
2243,30
2244,271
2245,1
2246,272
2247,11
2248,19
2249,19
2250,37
2251,11
2252,273
2253,1
2254,140
2255,1
2256,1
2257,39
2258,60
2259,82
2260,4
2261,1
2262,11
2263,1
2264,45
2265,1
2266,11
2267,1
2268,45
2269,100
2270,8
2271,39
2272,1
2273,1
2274,1
2275,34
2276,45
2277,6
2278,25
2279,11
2280,45
2281,1
2282,62
2283,274
2284,16
2285,25
2286,45
2287,19
2288,4
2289,1
2290,98
2291,213
2292,253
2293,11
2294,1
2295,275
2296,16
2297,4
2298,1
2299,276
2300,277
2301,148
2302,31
2303,19
2304,32
2305,16
2306,4
2307,1
2308,16
2309,1
2310,16
2311,11
2312,11
2313,1
2314,19
2315,1
2316,1
2317,278
2318,4
2319,279
2320,16
2321,4
2322,30
2323,19
2324,1
2325,19
2326,57
2327,280
2328,1
2329,4
2330,7
2331,39
2332,1
2333,1
2334,19
2335,4
2336,4
2337,1
2338,29
2339,281
2340,1
2341,19
2342,6
2343,1
2344,1
2345,1
2346,1
2347,1
2348,8
2349,31
2350,282
2351,31
2352,4
2353,31
2354,4
2355,243
2356,283
2357,51
2358,6
2359,39
2360,82
2361,37
2362,1
2363,1
2364,84
2365,284
2366,11
2367,16
2368,1
2369,1
2370,16
2371,31
2372,11
2373,11
2374,11
2375,285
2376,11
2377,11
2378,19
2379,4
2380,59
2381,11
2382,31
2383,11
2384,11
2385,11
2386,201
2387,11
2388,1
2389,11
2390,1
2391,1
2392,11
2393,1
2394,31
2395,57
2396,31
2397,4
2398,59
2399,4
2400,45
2401,286
2402,186
2403,63
2404,1
2405,1
2406,1
2407,11
2408,60
2409,1
2410,31
2411,4
2412,1
2413,59
2414,37
2415,19
2416,31
2417,1
2418,19
2419,60
2420,1
2421,34
2422,4
2423,31
2424,1
2425,205
2426,1
2427,1
2428,1
2429,1
2430,30
2431,69
2432,1
2433,1
2434,1
2435,4
2436,11
2437,1
2438,287
2439,1
2440,11
2441,8
2442,11
2443,11
2444,45
2445,11
2446,4
2447,59
2448,4
2449,27
2450,11
2451,39
2452,288
2453,16
2454,289
2455,11
2456,290
2457,291
2458,4
2459,31
2460,39
2461,57
2462,292
2463,4
2464,31
2465,31
2466,4
2467,31
2468,1
2469,59
2470,19
2471,60
2472,1
2473,39
2474,1
2475,11
2476,4
2477,293
2478,1
2479,1
2480,59
2481,1
2482,82
2483,4
2484,6
2485,11
2486,34
2487,1
2488,30
2489,39
2490,1
2491,1
2492,19
2493,1
2494,1
2495,1
2496,60
2497,1
2498,294
2499,36
2500,1
2501,1
2502,7
2503,27
2504,1
2505,11
2506,15
2507,6
2508,11
2509,39
2510,1
2511,4
2512,59
2513,1
2514,295
2515,1
2516,296
2517,297
2518,59
2519,298
2520,69
2521,100
2522,11
2523,11
2524,1
2525,1
2526,16
2527,19
2528,19
2529,299
2530,59
2531,1
2532,59
2533,16
2534,94
2535,49
2536,6
2537,19
2538,27
2539,1
2540,55
2541,4
2542,39
2543,27
2544,300
2545,16
2546,301
2547,1
2548,1
2549,30
2550,1
2551,11
2552,45
2553,119
2554,1
2555,39
2556,69
2557,45
2558,36
2559,11
2560,1
2561,19
2562,114
2563,60
2564,1
2565,1
2566,45
2567,1
2568,16
2569,36
2570,1
2571,45
2572,1
2573,11
2574,1
2575,1
2576,1
2577,1
2578,36
2579,1
2580,4
2581,302
2582,36
2583,1
2584,1
2585,36
2586,1
2587,1
2588,34
2589,1
2590,39
2591,51
2592,1
2593,1
2594,1
2595,45
2596,19
2597,11
2598,1
2599,19
2600,1
2601,1
2602,1
2603,19
2604,19
2605,19
2606,46
2607,1
2608,1
2609,303
2610,4
2611,304
2612,305
2613,1
2614,6
2615,25
2616,213
2617,15
2618,6
2619,100
2620,46
2621,59
2622,4
2623,16
2624,1
2625,11
2626,16
2627,4
2628,1
2629,1
2630,1
2631,106
2632,45
2633,30
2634,30
2635,4
2636,1
2637,60
2638,55
2639,1
2640,34
2641,306
2642,100
2643,4
2644,39
2645,34
2646,36
2647,1
2648,307
2649,30
2650,1
2651,1
2652,308
2653,1
2654,1
2655,194
2656,1
2657,19
2658,45
2659,4
2660,309
2661,310
2662,4
2663,4
2664,4
2665,4
2666,4
2667,1
2668,4
2669,4
2670,4
2671,45
2672,45
2673,55
2674,11
2675,4
2676,34
2677,1
2678,31
2679,45
2680,49
2681,1
2682,38
2683,31
2684,11
2685,32
2686,30
2687,8
2688,16
2689,1
2690,1
2691,1
2692,16
2693,16
2694,49
2695,1
2696,55
2697,25
2698,39
2699,16
2700,55
2701,1
2702,1
2703,1
2704,1
2705,31
2706,19
2707,39
2708,311
2709,4
2710,4
2711,19
2712,1
2713,1
2714,1
2715,1
2716,1
2717,1
2718,32
2719,6
2720,16
2721,11
2722,312
2723,55
2724,1
2725,291
2726,120
2727,55
2728,45
2729,1
2730,1
2731,4
2732,1
2733,1
2734,1
2735,36
2736,6
2737,1
2738,16
2739,16
2740,11
2741,11
2742,38
2743,11
2744,11
2745,11
2746,1
2747,4
2748,16
2749,1
2750,3
2751,16
2752,16
2753,1
2754,1
2755,1
2756,45
2757,313
2758,4
2759,19
2760,11
2761,55
2762,100
2763,36
2764,1
2765,11
2766,194
2767,6
2768,37
2769,1
2770,51
2771,8
4974,38
6342,100
7053,124
7806,76
2819,39
2911,1
2949,124
2964,19
3307,1
3386,16
3417,11
3653,11
3731,362
3734,11
3761,1
3804,11
4028,25
4202,16
4395,11
4555,45
4613,45
4813,1
5105,16
5174,19
5347,1
5526,1
5561,11
6079,4
6150,1
6335,34
6374,1
6463,120
6529,1
6545,31
6558,1
6645,4
6846,4
7065,1
7225,1
7347,1
7413,1
7454,11
7904,1
8102,1
8113,4
8115,60
8398,31
8791,34
3000,27
3049,19
3629,4
3738,363
3748,34
4375,1
4376,408
4398,11
4411,45
4437,19
4443,417
4552,34
4602,1
4757,440
4761,1
4764,1
4834,59
4850,122
4855,1
4986,11
5369,21
5628,1
5878,1
6009,4
6109,1
6152,25
6205,25
6510,4
6676,1
6776,1
6874,11
6896,1
7032,45
7132,19
7349,1
7407,1
7521,271
7533,1
7577,1
7594,11
7626,11
7654,648
7677,1
7701,1
8219,706
8495,43
8523,1
3087,1
3209,106
3283,1
3330,78
3811,11
3885,1
3944,45
3999,11
4056,4
4149,11
4382,409
4674,1
4699,1
4711,36
4819,11
4963,179
5128,461
5225,59
5273,34
5438,1
5476,1
5660,497
5703,45
5828,1
5836,7
5838,1
5919,34
6092,1
6274,1
6362,1
6489,561
6537,1
6543,11
6843,590
6982,36
7043,15
7131,1
7146,177
7155,11
7259,1
7373,45
7473,115
7775,11
7939,124
8063,692
8249,1
8338,271
8455,1
8494,1
8615,1
8651,739
8653,45
8680,1
2831,220
2875,30
2971,4
2972,15
3051,34
3257,1
3758,30
3762,125
3815,100
3845,11
4223,4
4268,4
4356,16
4414,1
4473,16
4617,1
4863,34
5058,11
5161,1
5547,488
5576,1
5810,1
5847,15
6186,534
6215,535
6867,1
6953,4
7012,24
7038,602
7107,11
7206,4
7411,630
7598,63
7697,11
7743,656
7809,665
7946,1
8003,4
8110,31
8217,120
8586,32
8726,1
8731,62
3081,1
3143,19
3266,1
3506,11
3586,11
3756,1
3843,11
4301,398
4434,4
4635,27
4708,1
4765,1
4786,11
4794,30
4910,1
4927,45
4993,104
5341,45
5435,1
5568,1
5716,25
5746,4
5860,1
5875,55
5880,11
6249,1
6256,39
6351,553
6475,11
6495,1
6688,577
6898,248
6906,11
7321,70
7434,81
7484,4
7496,11
7529,1
7564,11
7886,1
8184,45
8257,4
8776,1
3305,32
3416,14
3546,4
3794,11
3829,11
3908,4
4037,1
4047,1
4297,1
4325,1
4393,45
4548,37
4630,120
4901,11
4985,1
5069,60
5279,198
5294,59
5478,1
5549,71
5617,1
5657,202
5780,4
5833,1
5849,1
6071,4
6107,1
6470,11
6598,11
6636,1
6690,1
6797,177
6827,11
6893,39
7057,2
7097,607
7108,1
7416,114
7435,1
7744,16
7814,667
8207,2
8349,1
8435,30
8596,1
3065,1
3329,14
3445,11
3525,213
3571,84
3823,11
3916,4
3977,11
4025,1
4159,389
4187,34
4370,1
4533,19
4612,1
4645,19
4976,19
5106,55
5298,59
5429,1
5483,1
5689,129
5724,421
5909,25
5940,3
6017,1
6436,3
6476,128
6692,1
6929,4
7191,1
7342,1
7698,11
7730,1
7919,11
8045,1
8185,45
8406,39
8621,1
8760,2
3010,6
3184,1
3196,11
3282,115
3577,4
4054,7
4084,370
4093,11
4114,16
4304,15
4331,4
4441,11
4494,1
4525,421
4595,92
4647,1
4734,1
4892,122
4919,1
4990,1
5017,120
5109,1
5127,7
5226,59
5257,472
5299,11
5431,1
5539,1
5541,1
5583,491
5591,1
5697,1
5717,502
5803,206
5862,43
6103,45
6145,185
6154,1
6366,55
6392,55
6546,45
6600,1
6611,1
6817,1
7573,4
7611,4
7778,661
7805,598
7840,670
7889,11
7937,364
7947,11
7992,684
8059,45
8068,1
8171,25
8232,17
8261,7
8383,1
8690,11
3092,16
3127,34
3442,349
3617,355
3686,1
3687,7
3700,16
3818,11
3922,1
4072,27
4234,206
4290,4
4666,1
4680,1
4681,1
4713,45
4730,4
4784,1
5028,1
5186,16
5195,16
5199,468
5278,19
5443,1
5475,61
5590,11
5974,11
5989,1
6083,524
6233,45
6613,1
6737,1
6823,4
6836,1
7240,11
7284,51
7898,1
7971,367
8138,11
8156,1
8190,27
8209,60
8343,7
8359,1
8466,727
8536,11
8605,1
8608,736
8641,11
8742,4
8762,4
2798,1
2800,1
2860,1
2893,1
3009,8
3012,34
3026,19
3575,31
3641,19
3713,1
3735,4
4172,19
4213,393
4266,1
4496,420
4622,16
4679,1
5051,60
5148,1
5329,1
5409,1
5734,63
6033,521
6066,16
6089,120
6134,77
6199,11
6294,1
6492,37
6547,34
6681,36
6685,1
6862,11
6923,4
6944,11
7064,1
7087,19
7358,1
7497,100
7657,650
7669,6
7766,296
7848,1
7869,1
7914,677
8025,1
8078,45
8080,8
8228,1
8281,4
8607,45
8770,4
8787,55
2812,49
2820,1
3154,34
3179,15
3334,4
3361,14
3528,1
3953,45
3969,11
4196,1
4385,39
4498,4
4544,69
4767,59
4858,1
4878,55
5086,1
5146,1
5290,1
5455,1
5498,1
5545,49
5551,1
5758,1
5824,4
5829,1
5911,177
6308,549
6359,107
6603,8
6804,19
6999,25
7050,25
7095,11
7265,25
7287,622
7343,1
7399,1
7587,1
7729,338
7841,1
7882,27
7950,1
8107,45
8290,4
8387,72
8408,45
8662,208
8732,4
3212,4
3264,1
3288,1
3343,344
3352,115
3463,34
3517,59
3595,45
3862,369
3955,25
4011,11
4307,1
4515,122
4611,1
5021,456
5133,11
5261,59
5306,36
5351,1
5364,69
5379,49
5382,114
5411,1
5481,482
5497,1
5556,4
5709,1
5886,11
5927,1
5936,1
5938,45
5972,1
6038,1
6295,59
6341,82
6360,1
6397,71
6398,338
6430,45
6651,573
6813,4
6849,11
6879,1
6955,6
7152,45
7242,1
7288,11
7393,124
7476,275
7524,421
7608,11
7671,651
7735,1
8165,27
8218,1
8289,1
8568,1
8573,11
2818,55
2830,1
2866,117
2955,1
3016,6
3159,1
3314,6
3399,4
3551,1
3657,4
3820,60
4027,1
4057,4
4247,395
4688,4
4821,4
4879,45
4961,11
5000,453
5052,1
5092,16
5770,16
5771,1
5869,1
5870,25
6036,124
6126,71
6222,1
6226,25
6559,25
6608,1
6699,25
6775,11
6808,1
6911,19
7269,620
7468,4
7575,4
7668,45
7737,1
7742,1
7755,45
7796,27
7802,1
8064,63
8245,16
8512,1
8527,11
8532,1
8710,11
8784,55
2902,1
2940,1
3103,11
3279,4
3560,1
3652,1
3690,4
3826,11
3865,370
4012,45
4296,1
4300,37
4431,82
4455,1
4591,125
4604,1
4676,120
4752,8
4825,4
4922,1
4934,16
4937,120
4951,1
5144,1
5178,1
5400,25
5467,1
5521,45
5605,1
5782,1
6053,364
6262,1
6267,1
6333,551
6350,1
6412,1
6513,1
6560,19
6717,45
6863,11
6963,69
7224,1
7300,37
7538,1
7960,11
7967,39
8124,1
8446,63
8479,1
2944,124
3066,32
3096,19
3109,4
3197,124
3742,25
3891,1
4253,11
4254,239
4383,39
4520,16
4545,11
4646,19
4777,19
4965,45
5063,4
5315,59
5453,1
5579,1
5662,120
5690,1
5812,4
6371,19
6593,36
6733,71
7013,4
7111,45
7338,1
7429,632
7589,11
7679,1
7713,11
7716,4
7767,1
7792,1
7815,1
7867,1
7893,25
7912,1
8154,1
8250,1
8317,715
8534,1
8584,45
8642,125
8699,34
8781,11
2862,45
2877,34
2999,275
3306,32
3390,19
3466,34
3602,4
3619,239
3765,1
3887,11
4098,25
4291,397
4660,4
5217,120
5250,126
5495,1
5633,1
5649,496
5946,39
6016,25
6031,51
6198,45
6296,1
6431,60
6640,100
6770,19
6971,21
6976,1
7115,11
7142,63
7237,3
7360,1
7583,1
8035,1
8103,1
8351,1
8493,1
8717,1
3104,30
3440,25
3563,1
3628,356
3635,165
3925,4
3954,11
4137,11
4251,8
4597,1
4637,117
4981,1
5172,6
5184,1
5248,39
5456,45
5492,1
5654,1
5764,1
6195,1
6257,1
6298,11
6380,11
6720,4
6758,11
6825,1
7030,34
7228,25
7359,1
7477,25
7510,638
7554,1
7726,1
7907,27
7923,1
7924,1
8093,678
8128,615
8503,8
8639,11
2811,1
3082,1
3285,30
3513,11
3516,32
3671,1
3754,1
3857,1
3978,11
4065,336
4153,11
4359,1
4386,11
4514,1
4847,8
5101,1
5202,1
5272,39
5641,11
5887,11
5896,1
6129,1
6172,100
6265,124
6340,1
6871,1
7003,1
7005,45
7137,16
7970,11
7981,4
7996,685
8002,1
8055,37
8105,1
8328,92
8350,1
8547,4
8590,1
8754,136
8794,55
2943,1
3034,19
3191,1
3358,34
3419,14
3471,1
3554,59
3745,1
3764,1
3770,25
3854,11
4013,36
4071,37
4095,1
4131,388
4184,19
4649,1
5303,476
5309,38
5332,1
5532,1
5625,29
5715,1
5738,1
5888,4
6474,59
6500,19
6995,39
7070,11
7185,19
7263,63
7350,1
7486,1
7616,115
7644,46
8166,4
8366,1
8498,45
2787,1
2802,71
2927,11
2934,320
2996,39
3029,19
3234,45
3308,11
3553,32
3816,367
3830,11
3855,311
4020,314
4261,4
4394,11
4465,25
4511,45
4750,1
4905,34
5192,30
5350,45
5407,150
5679,63
5681,166
5942,25
6011,7
6248,1
6525,11
6619,152
6861,1
6996,1
7015,4
7048,69
7055,124
7138,100
7235,618
7363,4
7689,314
7813,666
8111,1
8143,698
8339,1
8407,37
8467,1
8575,21
8683,4
2847,1
2876,34
2925,37
3205,4
3297,1
3298,1
3412,14
3423,14
3452,11
3562,45
3626,1
3694,8
3763,25
3961,11
3984,11
4024,4
4050,1
4111,1
4192,8
4256,1
4518,1
4664,122
4903,122
5062,45
5082,11
5117,25
5210,1
5219,1
5553,1
5577,4
5915,11
6026,1
6048,11
6101,1
6382,4
6520,37
6536,1
6618,1
6710,45
6742,37
6824,1
6852,591
6943,55
6959,27
7392,63
7404,1
7455,11
7568,45
7660,27
7678,1
8028,37
8036,1
8194,1
8223,4
8225,185
8612,45
8645,11
8701,1
8716,747
2804,55
2880,94
2906,16
3123,6
3149,114
3219,4
3311,27
3402,4
3404,1
3549,314
3720,124
3805,11
3813,36
3892,194
3926,377
3968,16
3973,11
4090,4
4140,11
4142,11
4167,125
4169,6
4255,371
4588,1
4610,430
4763,1
4788,15
4805,1
5024,11
5099,11
5215,39
5501,71
5569,1
5727,1
5820,1
6084,37
6122,4
6253,1
6617,36
6621,1
6753,1
6958,11
6961,1
7133,49
7618,1
8410,59
8552,11
8578,4
8737,119
8743,4
2774,1
2982,100
3073,34
3195,115
3256,16
3544,11
3634,1
3781,179
4133,4
4165,8
4277,34
4284,19
4381,100
4404,1
4416,1
4488,1
4670,25
4815,6
4893,11
5027,1
5031,1
5412,4
5462,1
5482,1
5598,11
5637,55
5740,1
5765,37
5841,11
5894,271
5906,1
5978,4
6041,25
6508,14
6916,45
6928,4
7081,1
7100,11
7105,4
7166,34
7364,239
7376,8
7402,137
7858,45
7927,32
8079,1
8206,8
8372,1
8377,1
8486,1
8505,11
8569,82
8580,30
8697,45
8788,55
2884,11
3183,34
3493,1
3791,1
3859,194
3924,32
3956,11
3990,4
4121,1
4132,34
4472,11
4938,11
4948,45
5048,1
5056,1
5059,34
5372,25
5417,194
5608,16
5701,1
5741,1
5822,1
5904,1
6289,60
6301,4
6332,4
6516,1
6706,1
6962,1
7046,179
7066,124
7276,1
7400,45
7503,125
7540,640
7576,1
7740,1
7772,660
7791,1
7829,1
7910,676
8188,1
8297,370
8483,728
8510,1
8515,419
8562,272
8676,11
8777,1
8790,55
2989,27
3037,39
3249,34
3457,11
3630,45
3673,34
3674,11
3729,1
3798,4
3841,11
3991,1
4008,1
4073,1
4158,1
4264,6
4294,19
4451,206
4491,82
4984,1
5249,1
5348,1
5866,11
5892,11
5902,1
5923,213
5956,1
5964,120
6023,11
6078,1
6331,1
6441,1
6450,1
6533,564
6607,571
6675,45
6748,1
6805,1
6815,1
6938,1
7381,124
7478,1
7602,1
8170,11
8175,1
8274,14
8604,45
8668,1
8761,1
2852,11
2878,46
3211,69
3400,25
3407,19
3502,4
3519,14
3535,4
3645,19
3726,215
4067,1
4327,4
4400,45
4663,4
4690,165
4691,25
4740,25
4816,1
5252,1
5313,1
5370,1
5480,1
5629,11
5856,32
6076,1
6574,63
6803,314
6993,4
7035,4
7099,11
7175,4
7233,1
7246,4
7251,1
7257,49
7578,60
7585,11
7607,1
7694,11
7756,1
7768,6
7780,1
7787,1
7822,1
7832,1
7984,1
8200,120
8251,39
8260,45
8307,1
8412,4
8603,45
8631,1
8671,743
8800,63
2962,19
3057,31
3110,140
3227,43
3300,4
3337,1
3364,1
3637,19
3870,1
3884,16
4168,390
4330,1
4426,4
4506,51
4537,11
4804,1
4814,1
4854,45
4914,1
5025,25
5046,39
5176,6
5183,45
5479,1
5733,1
5848,37
5920,1
5980,1
6300,11
6534,4
6841,1
7067,100
7073,11
7154,8
7241,8
7504,49
7601,60
7624,1
7712,1
7738,1
7864,1
7969,1
8258,81
8521,1
8530,1
8541,45
8724,1
2897,60
2933,34
3163,4
3341,125
3508,16
3579,1
3650,122
3677,106
3736,36
3749,4
3755,1
4081,8
4112,387
4509,15
4823,4
4953,451
4956,4
5121,1
5260,59
5368,1
5466,1
5580,1
5594,37
5743,11
5781,506
5969,1
6054,37
6203,11
6383,45
6428,45
6434,1
6532,63
6584,1
6601,4
6673,1
6949,1
7318,1
7385,27
7633,1
8057,1
8088,19
8091,1
8597,1
8764,49
8801,4
2789,55
2834,69
3019,11
3025,69
3047,11
3151,39
3259,339
3315,11
3348,1
3426,1
3572,27
3847,11
4194,30
4474,45
4478,39
4575,100
4580,1
4801,19
4801,1
4802,115
4807,444
4844,4
4969,11
5044,16
5197,16
5205,469
5282,19
5282,1
5285,1
5327,120
5343,45
5544,1
5606,1
5729,1
5731,63
5778,8
5934,512
6180,6
6223,45
6246,39
6268,4
6280,545
6446,27
6506,1
6696,11
6796,1
6806,82
6989,179
7034,2
7135,609
7243,1
7319,1
7449,1
7515,1
7567,1
7662,1
7776,124
7793,571
7975,1
8092,32
8337,1
8384,27
8409,25
8426,36
8513,25
8583,1
8799,55
2853,26
3122,6
3158,30
3215,1
3284,4
3296,39
3378,1
3403,21
3406,347
3431,11
3570,11
3581,27
3662,1
3702,4
3775,11
4094,1
4109,1
4230,1
4285,1
4363,15
4639,25
4723,436
4971,1
5014,16
5153,15
5188,16
5394,1
5536,1
5582,32
5721,1
5802,4
5808,55
5873,1
5917,49
5995,45
6113,4
6161,39
6415,124
6517,45
6568,4
6628,179
6698,45
6851,11
6855,11
6983,70
7060,63
7303,1
7403,27
7764,1
8394,92
8709,746
2891,1
2903,319
2923,4
3448,1
3479,1
3610,45
3918,60
4041,120
4316,34
4322,1
4340,406
4632,1
4744,1
4865,1
4900,122
4967,1
5230,1
5300,59
5316,110
5508,1
5574,490
5586,11
5705,63
5708,1
5865,55
5970,1
5994,518
6015,1
6130,1
6285,11
6314,38
6486,45
7044,11
7305,49
7422,124
7462,1
7599,11
7696,63
7765,1
7953,1
7982,25
7991,1
8026,1
8048,63
8108,1
8212,100
8294,120
8422,94
8508,1
8581,55
8679,744
8805,19
2825,4
2970,323
3018,11
3115,1
3360,14
3465,1
3667,1
3719,4
3822,11
3889,27
4031,34
4032,37
4116,24
4119,1
4135,4
4160,19
4206,34
4357,1
4532,69
4640,19
4797,100
4835,32
4837,117
4851,45
5213,1
5240,1
5423,4
5720,1
6074,11
6100,526
6119,4
6136,1
6144,177
6214,1
6234,125
6679,1
6764,25
6783,16
7009,6
7239,11
7396,1
7629,45
7658,25
7803,1
7843,671
7851,1
7871,77
7883,1
8242,1
8506,27
2813,198
2849,1
3118,51
3509,34
3664,1
3773,11
3982,11
4222,1
4257,4
4280,100
4422,100
4806,1
5333,45
5858,63
5976,1
6029,1
6213,1
6496,11
6530,1
6597,1
6655,11
6712,1
7205,275
7535,4
7541,271
7596,1
7750,45
8052,63
8150,11
8365,1
8396,1
8533,1
8542,314
8628,1
8693,2
8773,4
8796,27
2950,34
3071,329
3250,55
3459,4
3646,4
3874,1
3945,45
3992,36
4638,1
4671,1
4743,1
4771,4
5064,45
5080,19
5182,1
5511,1
5728,1
6312,1
6330,45
6416,554
6445,1
6540,566
6541,1
6632,30
6730,1
6757,4
7818,114
8054,691
8254,36
8550,1
8592,1
8594,45
8738,1
2838,37
3547,59
3890,1
3893,374
3923,1
3993,1
4019,11
4046,7
4163,19
4175,11
4183,1
4198,239
4486,100
4569,25
4601,1
4812,1
4870,1
4940,34
5011,454
5013,4
5236,1
5255,59
5371,1
5777,45
5947,513
6159,71
6305,69
6307,6
6395,1
6413,1
6591,1
6624,1
6751,1
6831,1
6886,592
7184,6
7292,1
7523,1
7724,457
7770,239
7993,1
8004,1
8511,730
8570,1
2887,6
2912,14
3108,1
3190,36
3229,1
3242,11
3398,4
3428,34
3500,115
3967,11
3971,11
4248,45
4259,396
4317,69
4566,15
4636,19
4656,220
4833,122
4852,39
4991,1
5189,16
5209,470
5292,474
5293,1
5415,1
5504,1
5543,1
5711,1
5797,294
5845,117
5897,45
6020,49
6162,532
6196,38
6216,1
6244,538
6275,4
6375,1
6487,81
6535,565
6539,49
6579,4
6902,4
6908,4
6941,45
7002,4
7011,45
7028,1
7193,49
7261,11
7406,1
7466,11
7470,27
7570,59
7990,1
8069,1
8292,63
8301,1
8447,45
8462,16
8579,11
8727,4
8755,749
2777,1
2791,1
2991,27
3147,1
3387,1
3462,11
3599,6
3640,15
3780,27
3934,1
4136,11
4539,1
4780,63
4972,11
4978,60
5533,55
5560,1
5566,1
5609,4
5786,55
5840,45
5916,1
6058,11
6197,1
6407,220
6786,4
7007,124
7014,63
7379,1
7675,1
7964,6
8086,137
8106,45
8114,695
8180,179
8735,748
2975,2
2979,4
3035,4
3040,1
3048,11
3064,249
3165,4
3336,4
3491,4
3504,4
3644,122
3656,30
3692,37
4123,213
4482,45
4535,4
4779,19
5010,25
5035,4
5085,11
5477,1
5818,510
5929,92
6291,45
6654,27
7356,1
7591,644
7782,1
7834,1
7839,1
8141,1
8182,1
8332,8
8388,1
8411,185
8465,726
8476,487
8491,11
8516,642
8574,1
8610,1
8620,1
8667,4
3070,115
3075,11
3437,60
3569,4
3596,1
3597,4
3957,4
4201,1
4271,39
4440,16
4570,4
4728,1
4789,1
4803,1
5254,45
5271,25
5635,495
6087,1
6132,529
6139,11
6363,37
6437,556
6494,1
6663,487
6897,1
6967,16
7017,8
7327,1
7427,11
7495,1
7683,1
7921,1
7961,679
8109,1
8155,1
8252,34
8286,1
8421,62
8457,8
8488,1
8657,14
8767,4
8780,11
2810,1
2854,11
3050,30
3120,1
3124,1
3194,1
3304,19
3477,63
3557,1
3691,4
3716,360
4110,386
4240,36
4252,1
4305,1
4315,114
4342,39
4354,1
4355,60
4481,1
4650,1
4703,34
4832,193
5041,6
5235,4
5302,136
5684,1
5757,81
6063,103
6108,11
6258,39
6393,1
6439,71
6789,1
6802,7
6814,11
6931,4
6972,39
7258,34
7312,1
7531,1
7786,11
7817,668
7963,124
7995,122
8017,120
8256,1
8259,1
8441,1
8442,722
8453,1
8611,8
8698,4
8720,39
304,76
2896,1
2917,1
3274,6
3567,239
3591,4
3648,122
3711,124
3789,253
3850,1
3863,69
4053,16
4092,11
4210,1
4242,60
4265,39
4273,15
4541,1
4709,16
4862,34
4997,6
5124,4
5322,4
5440,1
5799,11
5830,1
5907,11
5914,34
5965,60
6115,37
6128,11
6212,4
6337,25
6424,45
6582,6
6595,1
6599,32
6924,1
7145,11
7198,1
7502,1
7553,1
7749,1
7806,76
7811,1
7884,36
7901,60
7938,114
8104,37
8146,4
8321,45
8427,45
8434,4
8475,85
2951,1
3005,11
3333,19
3443,1
3688,15
3769,4
3876,371
3987,11
4000,11
4154,11
4449,1
4618,34
4748,438
4860,11
4932,16
4979,1
5169,125
5263,4
5283,296
5355,1
5506,485
5555,45
5655,188
5796,45
5872,1
5962,515
6157,4
6338,132
6418,1
6637,45
7093,11
7161,1
7196,1
7448,34
7488,27
7648,1
7719,1
7887,673
8226,1
8415,11
8445,4
2859,4
3002,4
3058,1
3176,4
3217,4
3359,14
3552,32
4005,11
4241,1
4367,1
4463,34
5245,11
5367,1
5377,11
5523,1
5572,63
5599,1
5761,1
5963,45
6001,19
6012,106
6106,1
6321,1
6566,11
6778,587
6935,1
7094,11
7181,120
7203,16
7219,1
7451,25
7485,125
7501,1
7705,11
7789,8
7954,11
8264,1
8497,1
8660,124
3068,4
3095,11
3495,1
3786,37
3797,60
3959,11
4016,11
4045,6
4205,1
4221,11
4399,45
4446,31
4531,34
4551,1
4853,45
4989,4
5093,55
5295,59
5361,45
5485,1
5514,1
5682,34
5753,1
5939,21
5944,4
6018,16
6028,88
6272,1
6348,1
6449,1
6527,1
6585,45
6629,1
6653,27
6659,1
6749,1
6819,45
7041,25
7116,11
7126,194
7286,185
7417,4
7426,423
7549,1
7642,7
7820,1
7895,674
7930,1
8000,37
8034,689
8121,124
8159,25
8302,1
8489,729
8561,732
8589,733
8630,120
8705,30
8719,11
2833,4
2843,60
3316,34
3323,4
3410,311
3415,14
3814,11
3882,4
3948,379
4017,11
4113,36
4152,11
4235,4
4295,1
4364,39
4507,1
5009,11
5339,45
5358,1
5388,1
5801,1
5806,1
5910,1
6025,185
6096,314
6138,1
6442,1
6479,8
6554,31
6610,8
6864,1
6865,1
7020,601
7096,124
7110,1
7177,39
7201,31
7245,619
7282,1
8095,1
8129,165
8243,1
8401,1
8591,734
8806,675
2948,194
3054,125
3134,1
3247,1
3262,4
3271,115
3276,16
3351,4
3374,1
3654,1
3941,45
4189,34
4274,1
4338,1
4510,1
4519,301
4549,1
4727,45
4741,25
4884,4
5042,1
5095,45
5155,1
5194,19
5264,34
5268,198
5275,1
5450,480
5691,36
5713,31
5811,27
5825,1
5842,11
6116,527
6284,546
6571,1
6794,25
6845,11
6868,4
7078,1
7109,1
7236,255
7354,1
7507,637
7844,1
7862,672
7890,4
7940,1
7957,4
8112,1
8203,1
8331,717
8558,6
8648,43
2851,11
2881,59
2890,4
2924,4
3045,328
3138,45
3153,1
3186,16
3218,179
3370,4
3382,14
3411,311
3540,45
3627,59
4030,32
4063,4
4564,39
4686,11
5081,298
5852,25
5998,72
6131,11
6310,34
6313,4
6404,4
6417,4
6594,115
6694,1
6704,1
6759,45
6769,19
6837,1
6838,70
6945,1
6946,49
7332,45
7745,1
7899,1
8535,4
8556,4
8782,1
2792,11
3006,1
3537,60
3606,4
3647,19
3717,114
4064,1
4320,11
4584,11
4652,4
4689,11
4747,36
4749,439
4962,34
5112,1
5149,1
5238,6
5496,1
5520,11
5550,1
5760,504
5768,1
5959,4
6166,55
6192,37
6263,542
6614,1
6828,206
6873,11
6887,4
7125,1
7165,4
7369,45
7387,25
7388,1
7482,1
7517,1
7595,314
7760,25
7987,16
8237,711
8278,1
8324,1
8480,11
8566,1
8576,1
8741,4
8752,1
3056,4
3084,19
3171,4
3302,45
3393,346
3668,1
3722,1
3828,11
4236,37
4427,19
4889,11
4913,11
5137,34
5145,39
5289,1
5357,1
5395,43
5401,37
5428,1
5459,1
5474,1
5488,1
5596,492
5636,1
5706,1
5747,1
5789,60
5868,30
5993,1
6232,45
6247,539
6580,59
6830,11
7316,11
7655,649
7779,4
8148,16
8220,15
8643,27
8691,4
8751,40
8775,1
2864,34
3232,6
3301,4
3303,104
3332,11
3354,4
3396,125
3444,11
3701,314
3808,11
3851,57
3875,1
3904,37
4151,11
4190,4
4309,39
4349,1
4353,15
4387,1
4405,6
4485,19
4485,19
4499,1
4553,19
4553,19
5274,1
5437,1
5518,4
5754,11
5932,39
6051,1
6488,70
6511,1
6766,25
6901,36
7222,1
7609,45
7819,21
7997,120
8049,31
8139,239
8144,699
8265,1
8327,1
8364,49
8368,4
2801,1
2817,11
2946,4
2963,19
2995,1
3042,15
3076,330
3083,15
3113,4
3141,4
3150,333
3338,1
3757,1
3937,1
4333,39
4339,34
4527,1
4528,1
4599,43
4609,4
4829,1
4880,8
4911,1
4987,452
4994,1
5019,34
5055,11
5325,4
5356,1
5693,1
5908,11
5985,25
5996,1
6188,11
6379,100
6522,1
6810,1
6842,19
6905,593
7220,1
7492,1
7823,1
7945,37
8181,1
8241,1
8356,1
8399,1
8545,120
8619,1
8623,4
8674,1
2974,4
3175,20
3475,34
3584,1
3649,122
3933,378
4117,8
4122,1
4249,1
4318,403
4366,407
4495,291
4826,1
4830,446
4848,4
4872,30
4928,1
5142,45
5519,376
5613,493
5723,1
5967,1
5979,4
6050,523
6057,4
6190,234
6309,1
6477,19
6564,55
6596,1
6671,574
6968,1
7172,614
7266,7
7481,636
7505,1
7652,63
7733,1
7797,663
7830,1
7986,100
8096,1
8309,45
8627,11
8715,37
8723,1
2785,34
2842,1
2987,1
3221,59
3252,7
3278,32
3523,34
3561,185
3573,353
3585,19
3589,1
3768,4
3988,11
4108,1
4334,1
4776,11
4926,60
4936,16
4977,27
5083,25
5170,1
5203,45
5317,1
5404,1
5457,4
5548,1
5619,25
5839,1
5937,1
6021,39
6062,1
6094,100
6369,1
6519,19
6750,1
6984,30
7058,4
7080,1
7308,1
7512,1
7613,63
7842,1
7877,1
8101,1
8120,1
8661,1
2788,34
2879,1
3192,19
3225,11
3295,342
3460,165
3492,1
3520,352
3609,1
3856,14
4088,4
4143,11
4685,1
4694,1
4966,45
5061,34
5150,15
5342,59
5472,481
5517,31
5982,1
6064,8
6297,1
6762,45
6799,4
7083,11
7147,6
7345,1
7438,634
7707,652
7747,1
7861,21
7976,1
8030,1
8330,1
8553,24
8766,4
669,124
2889,1
2932,1
2980,1
3235,1
3239,1
3438,16
3538,6
3558,4
3576,4
3678,1
3919,1
3938,4
4157,1
4308,400
4312,4
4677,45
4899,122
4929,16
4933,30
5060,100
5129,1
5158,1
5239,1
5600,59
5922,1
6148,11
6336,1
6347,4
6370,1
6419,34
6481,43
6721,27
7033,37
7053,124
7127,1
7159,16
7253,39
7365,7
7414,16
7453,25
7491,11
7637,11
7833,11
7868,4
7951,63
8084,73
8164,1
8198,4
8342,1
8375,1
8413,124
8451,37
8598,59
8647,1
2794,45
2823,315
2845,45
3046,4
3157,11
3281,11
3331,4
3356,14
3366,63
3482,63
3642,215
3727,1
3998,94
4051,30
4415,415
4530,45
4596,1
4692,39
4822,11
4873,30
4909,253
4992,45
5321,4
5393,478
5449,1
5587,314
5589,198
5670,45
6069,45
6394,32
6587,4
6784,11
6877,11
6936,360
7072,605
7090,606
7121,1
7164,32
7255,1
7328,107
7442,1
7615,1
8024,45
8160,1
8266,1
2899,16
3135,4
3189,11
3241,11
3449,60
3497,19
3703,114
3853,11
3920,1
4001,4
4170,106
4181,391
4186,60
4350,1
4603,115
4745,1
4751,1
4945,45
5448,1
5451,1
5502,1
5528,25
5638,11
5893,11
5971,516
6176,8
6191,11
6458,1
6464,1
6551,45
6669,126
6672,4
6713,55
6829,6
6859,1
6870,1
6903,4
6912,594
7068,11
7069,30
7188,1
7428,45
7545,19
7771,11
7985,683
8029,1
8187,45
8284,15
8291,11
8526,11
2822,11
2892,4
3145,1
3185,45
3253,1
3566,299
3801,366
4078,11
4220,11
4452,25
4608,39
4719,1
4772,19
4874,30
5163,25
5196,45
5615,38
5665,1
5877,4
5953,1
6243,1
6349,37
6381,63
6456,435
6465,177
6538,36
6567,55
6774,11
7036,6
7183,11
7289,1
7357,4
7374,1
7432,633
7527,421
7651,1
7774,11
7977,148
8094,25
8362,36
8374,1
8459,1
2797,1
3052,62
3099,25
3275,1
3277,4
3379,14
3456,11
3469,4
3541,4
3568,19
3832,11
3846,1
4015,11
4042,20
4075,125
4173,92
4197,6
4469,4
4502,4
4559,39
4562,25
4912,449
4949,45
5096,11
5100,60
5277,19
5624,1
5846,6
6135,31
6177,533
6623,4
6729,11
6732,1
6840,124
6930,1
6988,4
6998,1
7753,1
7891,1
7974,1
8240,712
8293,1
8304,25
8585,1
8672,1
2856,4
2967,34
3004,1
3161,59
3230,338
3237,11
3455,11
3750,4
3766,60
3868,1
4069,383
4080,384
4106,11
4311,401
4407,25
4417,45
4493,11
4522,1
4683,1
5029,1
5165,1
5695,501
5882,19
5988,517
6072,4
6572,11
6612,572
6647,314
6697,314
6718,1
6726,1
6747,45
6781,11
7217,1
7588,11
7703,1
7925,45
7931,1
8013,220
8065,1
8149,45
8334,31
3077,15
3085,45
3126,332
3213,55
3255,1
3598,45
3607,19
3880,1
3898,1
3902,1
3974,11
4038,60
4087,385
4454,1
4500,1
4517,100
4583,1
4770,11
4800,8
5116,16
5258,59
5493,1
5530,126
5588,1
5603,1
5871,1
6049,314
6111,45
6160,11
6427,1
6711,1
6826,45
7262,1
7302,1
7333,1
7377,1
7506,120
7857,4
8007,124
8009,1
8461,27
8587,1
8634,11
8730,1
2837,4
2997,39
3031,1
3036,11
3490,1
3499,1
3515,32
3740,364
4212,15
4293,19
4341,11
4433,19
4715,1
4787,441
4960,11
5016,1
5077,8
5288,1
5305,34
5392,1
5414,4
5468,1
5471,1
5667,297
5719,37
5859,95
5889,11
5899,1
5977,1
6402,119
6403,45
6432,555
6453,15
6689,4
6792,11
6889,1
7079,24
7103,135
7295,1
7339,1
7378,1
7463,1
7471,1
7543,1
7641,31
7680,1
7795,94
7879,166
8423,34
8588,378
8640,738
2832,22
2901,1
3168,4
3193,45
3710,115
3779,1
3799,1
3852,11
3931,16
4150,11
4423,4
4468,25
4616,11
4811,19
4864,1
4957,16
5071,1
5286,1
5422,1
5430,1
5515,11
5522,11
5546,4
5918,55
6175,1
6242,1
6292,4
6320,45
6644,45
6687,1
6723,1
6790,4
6835,4
6885,14
6970,599
7089,39
7270,4
7272,36
7274,124
7279,37
7294,4
7323,45
7368,16
7460,1
7638,11
7720,1
7728,1
7866,34
7966,682
8043,25
8147,4
8179,4
8357,4
8378,45
8381,1
8600,735
8625,1
8797,45
2959,30
3088,1
3105,1
3106,16
3178,30
3446,1
3665,45
3670,1
3737,39
3788,69
3817,11
4021,49
4226,11
4759,1
4792,427
4827,445
5120,460
5244,15
5335,1
5336,4
5861,1
5881,63
6086,1
6091,1
6279,34
6365,55
6420,1
7102,1
7340,1
7366,19
7386,4
7408,11
7447,45
7508,1
7544,1
7600,4
7635,11
7854,45
7949,1
8037,4
8058,1
8081,693
8122,198
8199,88
8275,1
8322,1
8443,723
8554,45
8666,11
8789,55
2816,11
2829,45
2977,4
3030,19
3133,45
3144,1
3162,4
3347,4
3543,314
3624,1
3682,120
3730,6
3741,1
3743,34
3994,11
4034,19
4138,11
4574,1
4644,60
4729,1
4916,1
5054,1
5073,19
5089,1
5111,16
5147,11
5424,1
5614,1
5702,421
6112,4
6259,45
6290,547
6372,45
6435,1
6469,191
6493,1
6674,1
6684,49
6738,583
6847,11
6907,1
6960,124
7209,25
7441,1
7452,1
7475,500
7586,11
7717,11
7722,1
7762,659
7936,36
8015,1
8116,1
8599,45
8706,55
8708,1
8740,4
2779,4
2919,1
2985,4
3020,1
3043,19
3069,1
3140,100
3291,1
3339,59
3381,14
3605,59
3616,27
3715,4
3935,19
3947,45
3985,11
4246,4
4428,81
4439,1
4732,4
4849,447
4973,1
5065,1
5076,1
5114,11
5427,19
5513,1
5524,11
5674,11
5983,25
5990,1
6352,45
6620,1
6725,1
6791,4
7247,124
7341,1
7548,11
8183,1
8279,4
8347,32
8601,11
8768,49
2776,11
2795,1
2796,1
2855,1
2863,45
3414,14
3424,4
3565,1
3696,4
4504,248
4558,1
4563,39
4946,25
5023,1
5043,1
5237,11
5470,1
5584,11
5817,11
5960,45
5973,1
6147,55
6315,45
6388,31
6583,45
6649,55
6719,1
7039,37
7421,1
7483,70
7695,11
7714,11
7918,1
7934,49
7972,11
7999,686
8089,1
8131,37
8248,49
8348,659
8363,1
8404,45
8807,11
2828,316
2871,1
2986,1
3033,1
3661,357
3684,19
3827,11
3949,45
3950,45
4022,60
4372,45
4659,30
4882,11
5191,16
5374,19
5419,1
5454,1
5529,4
5648,1
5700,1
5722,36
5749,1
5819,1
5863,1
6052,32
6323,1
6555,1
6556,4
6661,11
6740,164
6913,1
6922,4
7117,45
7130,4
7238,1
7250,63
7268,69
7424,1
7639,11
7681,11
7920,544
8021,45
8098,694
8132,107
8323,1
8531,472
8565,1
8718,1
8722,106
8734,1
2781,16
2850,4
2905,16
2914,1
2981,1
3228,60
3324,19
3350,345
3454,4
3487,1
3503,4
3663,358
3675,16
3909,32
4061,1
4085,1
4089,69
4130,11
4207,392
4262,1
4402,1
4567,1
4590,4
5036,7
5439,479
5507,486
5903,45
5991,4
6123,4
6466,49
6490,4
6498,19
6578,45
6746,4
6869,1
6900,1
6980,45
7168,69
7256,1
7526,1
7556,4
7718,11
7825,1
7978,25
8333,718
8380,719
8402,1
8448,25
8614,1
8624,4
2773,4
3294,11
3623,4
3697,1
3771,11
3793,1
3996,11
4127,59
4129,11
4371,69
4477,418
4724,19
4782,11
5038,125
5053,11
5310,59
5490,1
5585,1
5592,1
5639,11
5783,507
5807,314
5831,206
5992,1
6007,11
6110,1
6114,1
6421,1
6503,19
6858,11
7144,1
7151,610
7200,31
7215,1
7632,1
7723,31
7837,6
7876,1
8082,303
8303,1
8390,4
8622,45
2858,317
2918,46
2926,11
2992,16
3080,1
3164,4
3289,46
3319,1
3365,4
3368,1
3824,4
3903,11
4156,6
4298,6
4299,1
4508,1
4538,423
4576,25
4581,16
4582,4
4593,11
4628,1
4648,1
4746,1
5097,16
5098,1
5320,4
5387,1
5416,6
5461,1
5673,11
5814,27
5857,4
5981,30
5984,25
6040,70
6059,1
6153,4
6171,1
6278,15
6639,94
6642,8
6686,106
6834,1
6881,11
6991,4
7313,1
7458,1
7627,4
7769,1
7810,371
7846,4
7955,1
8041,690
8073,37
8287,713
8305,32
8469,45
8538,55
8650,4
2976,324
3200,124
3320,1
3388,14
3408,348
3744,45
3861,368
3914,375
3943,1
4378,1
4392,1
4712,34
5020,11
5386,8
5396,1
5542,16
5752,1
5968,36
6008,4
6302,11
6378,1
6565,4
6788,63
7010,1
7052,1
7062,45
7129,11
7227,1
7513,11
7784,37
7794,37
7807,11
7850,1
8403,30
8500,45
8644,27
8714,11
8803,31
2945,124
3117,4
3272,120
3507,4
3858,19
4074,59
4148,11
4276,1
4281,1
4406,412
4438,37
4497,1
4606,428
4796,443
5002,4
5057,31
5784,11
6022,520
6182,1
6364,55
6455,63
6460,560
6633,8
6920,596
7004,1
7150,25
7182,36
7301,31
7361,291
7446,100
7490,14
7605,1
7686,55
8229,709
8414,25
8474,1
8567,242
8654,1
2898,1
2935,4
2952,1
2954,16
3114,1
3203,4
3238,11
3322,25
3472,1
3622,11
3752,32
3964,11
4026,1
4269,11
4589,1
4620,4
4871,25
5070,1
5088,93
5110,459
5115,15
5138,120
5151,462
5200,6
5301,475
5966,1
6030,1
6178,15
6391,1
6485,45
6648,1
6652,1
6703,128
6782,45
6880,11
6986,1
7022,4
7170,11
7226,1
7348,1
7445,19
7498,39
7571,643
7579,4
7617,645
7702,4
7909,239
8168,1
8191,296
8233,45
8518,1
8582,59
3090,82
3121,1
3131,7
3172,16
3224,337
3313,1
3429,1
3461,100
3590,1
3676,4
3785,1
3790,1
3942,45
4003,11
4227,1
4675,45
4698,45
5026,1
5243,45
5442,1
5735,1
6055,1
6220,63
6299,11
6406,4
6552,45
6678,575
6882,1
6926,11
7091,107
7254,1
7314,1
7593,16
7628,132
7699,63
7959,4
8125,696
8169,11
8202,16
8546,1
8649,1
8771,4
2793,16
2821,314
2839,69
3100,11
3261,11
3418,14
3548,11
3593,4
3812,25
3912,1
3917,376
4107,11
4188,4
4279,4
4995,1
5160,464
5224,177
5634,25
5834,21
6034,124
6037,4
6179,234
6210,8
6319,4
6615,25
6657,4
6816,117
6883,1
6985,124
7025,4
7029,1
7071,11
7086,7
7211,604
7297,11
7329,1
7382,34
7493,1
7580,11
7781,11
7948,39
7979,1
7998,36
8152,45
8222,707
8306,71
8419,16
8629,1
8669,11
2844,1
3111,1
3129,14
3651,11
3844,11
4010,4
4082,39
4215,1
4217,11
4343,4
4572,45
4754,1
4766,1
4781,1
4869,1
5166,11
5207,59
5359,1
5365,45
5611,1
5788,11
5804,1
5821,1
5827,36
6252,1
6408,124
6422,6
6454,1
6528,55
6531,1
6630,16
6767,19
6832,4
7027,1
7040,45
7141,124
7299,1
7331,624
7518,271
7710,653
8215,11
8227,1
8253,179
8310,714
8370,45
8636,11
8652,4
8696,4
2872,1
3173,4
3384,1
3633,125
3867,1
3878,8
4079,4
4180,165
4232,45
4368,1
4374,1
4631,1
4968,4
5075,1
5143,60
5291,1
5297,60
6056,1
6304,34
6497,172
6715,30
6728,114
6761,239
6780,100
6934,11
6948,100
7118,120
7380,1
7410,629
7412,6
7431,45
7433,11
7555,1
7643,45
7860,1
8012,45
8072,1
8163,1
8210,45
8262,4
8540,16
8704,1
2865,100
3136,11
3270,81
3746,121
3929,1
4002,1
4048,4
4076,11
4077,11
4239,1
4335,405
4390,1
4396,11
4619,19
4693,431
4700,1
4735,36
4876,30
5211,1
5242,69
5266,120
5433,1
5558,1
5664,1
5762,63
5948,11
6003,32
6061,194
6240,25
6680,4
6695,11
6743,584
6809,1
6921,4
7023,4
7088,125
7158,1
7173,11
7202,336
7337,1
7353,1
7856,1
7956,132
8085,1
8299,16
8312,4
8325,117
8358,1
8425,1
8509,1
8618,1
8646,27
8786,1
8804,55
2824,1
3032,165
3093,11
3208,11
3244,11
3357,14
3733,11
3819,1
3821,1
3936,166
3983,11
4231,34
4270,27
4324,213
4328,34
4432,16
4435,45
4615,45
4707,434
4999,1
5103,1
5179,465
5353,1
5375,1
5425,25
5680,499
5767,1
5951,514
6027,14
6127,1
6173,11
6227,11
6771,1
6793,125
7119,1
7459,635
7525,639
7542,1
7590,120
7958,678
8067,1
8193,1
8276,45
8386,1
8393,1
8454,11
8458,4
8463,45
2775,1
2966,1
3067,1
3263,1
3371,63
3468,59
3505,350
3574,4
3592,45
3689,1
3751,36
3905,4
4068,4
4146,1
4225,6
4379,46
4464,11
4726,59
4898,122
4939,32
5469,4
5620,11
5642,11
5759,36
5957,20
6019,1
6193,30
6221,536
6667,4
6741,11
7021,1
7128,1
7405,11
7558,25
7741,655
7988,1
8062,25
8173,45
8420,30
8485,1
8664,55
8665,742
8769,4
3325,14
3447,4
3494,1
3807,11
3986,11
4033,4
4058,38
4145,11
4389,11
4466,25
4543,1
4665,1
4704,1
4841,59
4964,122
5134,11
5173,16
5214,1
5229,59
5308,4
5363,1
5381,1
5622,40
5677,11
6060,25
6077,31
6102,45
6206,1
6638,45
6822,11
6904,1
6969,1
7059,1
7394,628
7464,55
7777,1
7790,11
8022,1
8051,8
8130,1
8142,1
8208,1
8269,1
8449,724
8793,55
2909,1
3027,1
3146,1
3156,60
3207,1
3464,36
3836,11
4086,34
4105,11
4125,1
4286,57
4348,4
4653,25
4733,45
4773,19
4868,19
4950,11
5068,458
5135,1
5140,6
5156,463
5164,1
5167,1
5180,466
5259,59
5352,45
5384,19
5391,1
5444,1
5525,11
5595,1
5644,63
5683,1
5744,11
5756,1
5766,1
5943,1
6137,4
6181,45
6277,1
6605,1
7370,625
7528,1
7537,1
7900,16
7973,11
7989,1
8263,1
8296,49
8678,57
8687,1
2910,11
2941,321
3139,11
3474,1
3533,1
4352,4
4475,1
4577,106
4768,11
4817,1
4857,8
5319,1
5509,179
5597,120
5714,1
5832,11
5864,4
5933,1
5961,1
6429,1
6731,21
6919,11
7136,11
7148,25
8014,45
8145,4
8221,1
8319,63
8437,11
8482,1
8563,1
3060,1
3091,1
3240,103
3265,45
3340,343
3578,45
3643,55
3706,359
3708,124
3907,1
4083,34
4208,1
4209,1
4233,45
4523,4
4571,1
4600,1
4621,4
4716,25
4769,59
4791,1
5447,1
5452,1
5564,100
5790,25
6099,45
6229,1
6237,11
6339,552
6343,6
6411,63
6426,1
6443,1
6509,1
6735,15
6756,585
6773,586
6932,1
7037,1
7063,604
7310,623
7659,419
7761,658
7804,117
7881,11
7902,1
7983,8
8439,4
8559,82
8626,314
2846,1
2869,69
2907,16
3206,59
3355,45
3385,8
3612,1
4365,1
4401,4
4413,414
4424,1
4447,1
4487,1
4489,1
4859,328
5094,1
5152,15
5360,45
5378,4
5445,19
5707,1
5816,34
6039,522
6211,11
6317,39
6354,45
6368,4
6414,16
6502,1
6760,1
6910,115
6915,457
6939,597
6978,4
7092,11
7187,1
7418,45
7539,271
7640,11
7684,11
7704,11
7798,1
7894,49
8060,1
8135,4
8382,1
8385,4
2784,15
2835,1
3061,1
3231,45
3911,1
4244,39
4314,6
4326,25
4360,120
4578,45
4662,4
4755,1
4774,1
5040,1
5218,1
5221,1
5232,6
5326,4
5491,49
5704,11
5736,11
5763,32
5773,36
5941,1
6405,1
6468,45
6658,1
6668,11
6739,55
6818,4
6853,11
6952,1
7325,11
7335,4
7389,1
7565,11
7661,4
7835,120
7870,25
8178,6
8539,11
8632,1
2780,1
2814,45
2826,1
2827,19
3059,11
3327,14
3369,45
3383,14
3453,179
3467,1
3555,11
3621,1
4219,11
4524,8
4565,4
4605,19
4793,213
4886,55
5050,55
5107,1
5269,39
5270,125
5276,39
5287,1
5376,1
5604,1
5661,11
5884,511
5949,45
5987,351
6117,528
6118,1
6140,530
7085,206
7139,11
7167,31
7346,4
7443,124
7656,1
8044,1
8136,1
8335,4
8353,1
8367,63
8397,14
8635,11
8688,1
8778,34
8779,55
2873,1
2938,100
3373,55
3436,45
3450,11
3484,16
3800,1
3810,11
3825,11
3866,11
3927,19
3952,45
4199,45
4323,1
4906,36
4918,1
4998,1
5222,371
5231,11
5623,1
5696,202
5901,1
5935,4
6235,1
6250,1
6270,543
6325,1
6570,46
6588,1
6606,570
6665,36
6844,55
6854,45
6895,1
6954,6
7277,45
7290,38
7307,45
7351,1
7785,662
7875,307
7913,4
7935,36
8019,45
8038,124
8118,124
8247,1
8277,45
8295,16
8430,4
8456,1
8593,1
8670,314
8681,16
2874,25
2894,1
3038,1
3188,1
3220,4
3420,14
3439,1
3521,45
3542,1
3583,11
3718,124
3835,4
4228,11
4476,6
4476,34
4725,6
4725,34
4736,4
4738,1
4877,39
5119,34
5130,6
5281,39
5328,1
5874,1
6075,11
6303,548
6384,1
6410,120
6553,1
6589,569
6707,4
6894,1
6977,1
6990,1
7075,1
7160,612
7216,1
7469,11
7847,1
8127,1
8433,30
8557,6
8725,4
2799,11
2984,1
3001,4
3015,4
3128,1
3170,4
3187,1
3326,14
3362,63
3392,4
3397,11
3613,4
3860,4
3886,1
4238,1
4642,1
4714,128
4907,49
4931,16
4954,120
5441,4
5621,494
5686,328
5913,19
6010,4
6217,1
6293,1
6386,1
6400,1
6542,567
6586,568
6602,1
6768,1
7124,1
7162,1
7708,39
7757,49
7845,27
7873,1
7888,1
8280,1
8314,165
8499,11
8537,11
2807,1
2937,16
3405,4
3409,1
3430,1
3510,4
3989,11
4043,1
4182,1
4214,11
4345,4
4410,45
4421,416
4503,4
4624,45
4668,19
5005,125
5241,471
5256,59
5265,25
5565,45
5999,1
6149,4
6224,27
6425,1
6438,45
6452,1
6457,1
6471,117
7042,124
7045,4
7056,16
7283,11
7559,100
7561,1
7566,1
7619,646
7682,7
7962,680
8039,198
8174,37
8236,124
8255,165
8395,720
8424,27
8707,1
2861,14
2930,25
2956,11
3062,1
3078,11
3476,63
3526,71
3559,4
3587,11
3603,1
3615,4
3625,34
3695,4
3705,6
3809,11
3873,30
4162,39
4409,25
4492,1
4540,377
4920,1
4925,11
5118,16
5171,11
5187,45
5220,11
5354,1
5610,416
5794,1
6357,4
6472,1
6504,11
7051,59
7278,27
7444,1
7522,1
7911,16
7916,11
7929,1
3017,19
3102,4
3216,1
3226,59
3604,1
3655,11
3725,30
3951,49
4598,11
4626,321
4657,11
4682,1
4917,402
5126,37
5190,71
5487,1
5631,1
5675,1
5986,4
6002,4
6225,537
6484,1
6521,1
6682,36
6754,45
6833,1
6875,11
6933,1
7189,59
7281,4
7375,627
7905,1
7908,11
8117,45
8204,1
8285,370
8656,450
8721,1
8736,37
8759,25
2783,4
2915,1
2957,322
3698,4
4126,4
4139,11
4185,120
4275,1
4337,4
4369,39
4458,4
4521,69
4742,66
4840,1
5122,45
5141,39
5531,55
5656,25
5769,1
5850,25
5958,11
5997,1
6151,1
6168,234
6218,4
6376,15
6561,45
6563,55
6622,1
6801,11
6917,4
7082,124
7264,1
7280,37
7309,1
7693,11
7800,1
7897,344
8392,63
8405,239
8551,36
8753,37
8757,1
2916,1
2920,6
3013,1
3086,38
3119,11
3142,1
3180,1
3204,59
3251,55
3310,34
3372,220
3672,1
3772,32
3778,4
3883,373
4049,29
4166,8
4179,4
4313,402
4429,63
4460,1
4625,1
4658,15
4697,6
4720,1
4881,122
5154,39
5223,19
5247,1
5311,11
5434,1
5512,3
5581,1
5692,1
5879,1
6322,32
6329,11
6361,1
6518,11
6609,1
6951,7
7123,1
7248,1
7519,1
7520,477
7597,11
7612,36
7816,1
7836,32
7853,1
7892,1
7944,2
8018,1
8238,560
8376,45
8470,25
8471,1
8502,25
8543,11
2888,1
2913,1
3174,123
3210,1
3214,11
3564,34
3759,51
3831,11
3871,4
3879,1
3881,372
4036,1
4052,1
4161,19
4362,60
4456,11
4480,31
4526,19
4586,426
4634,1
4705,19
4739,46
5087,1
5324,4
5390,1
5458,6
5489,1
5755,19
5779,19
5798,36
5895,1
5925,1
6065,1
6189,11
6356,4
6482,11
7156,4
7317,1
7569,37
7649,1
7824,19
8157,239
8300,1
8355,1
8472,4
8477,45
8490,1
8702,16
3328,14
3441,11
3877,30
3894,45
4009,11
4155,11
4193,1
4418,1
4483,16
4607,429
4629,1
4810,1
4824,239
4861,1
5090,92
5177,1
5410,1
5494,1
5499,1
5601,1
5854,1
5885,11
5912,25
6090,4
6120,4
6207,1
6261,1
6271,1
6358,1
6526,563
6573,1
6643,1
6798,11
6940,4
6947,11
7047,4
7383,1
7650,1
7706,1
7754,45
7980,1
8020,1
8134,1
8354,45
8658,1
2808,4
2922,1
2993,1
3063,6
3169,4
3375,39
3524,4
3910,1
4096,4
4377,1
4808,55
4828,6
4885,38
5084,45
5204,1
5484,483
5535,1
5805,1
5945,25
6068,4
6081,30
6095,115
6306,69
6447,559
6635,25
6709,579
6878,11
7430,30
7437,11
7456,1
7516,4
7560,11
7827,669
7849,45
8273,1
8373,1
2269,100
2961,1
3116,1
3422,14
3470,62
3489,1
3638,59
3732,19
3776,34
3958,11
4191,19
4442,301
4534,1
4568,1
4904,122
5067,457
5280,19
5563,489
6006,519
6158,1
6283,297
6342,100
6480,32
6515,1
6646,39
6795,573
6987,1
7054,11
7252,11
7306,45
7557,1
7584,30
7614,45
7645,1
7673,1
7725,1
7865,1
8099,1
8167,1
8189,4
8520,63
8560,1
8571,124
8703,11
8747,1
2978,34
3709,11
3728,361
3795,1
3833,1
3946,4
4100,1
4211,1
4216,11
4347,34
4380,106
4430,62
4783,1
4798,1
4799,1
4818,1
4820,4
4915,11
4924,11
5216,25
5314,7
5340,1
5540,45
5554,16
5699,45
5726,11
5926,1
6070,45
6105,457
6260,45
6286,1
6634,120
6763,6
6839,589
6856,11
7112,31
7174,615
7178,11
7213,1
7221,1
7423,19
7479,7
7509,1
7550,1
7572,4
7727,1
7906,338
7922,1
8133,32
8473,1
8682,265
8785,55
3003,11
3053,1
3344,34
4018,381
4091,11
4124,4
4176,1
4419,11
4505,16
4594,427
4988,3
5022,81
5047,66
5132,11
5159,1
5185,15
5337,1
5643,11
5775,45
5952,1
6142,531
6200,1
6269,1
6282,1
6345,7
6501,34
6744,1
6884,1
6925,4
6927,4
6979,1
7026,1
7163,613
7223,4
7336,1
7367,1
7736,654
8176,702
8313,1
8316,39
8318,716
8371,571
8428,721
8686,4
2848,124
2857,21
2885,11
3079,4
3349,1
3435,4
3611,45
3782,365
3783,124
4040,19
4178,45
4218,1
4457,11
4633,1
4762,1
4866,1
4902,419
4943,16
4975,4
5003,11
5233,1
5262,1
5890,19
6097,11
6377,11
6548,11
6656,14
6660,1
6722,581
6892,45
6964,11
7169,1
7192,1
7218,1
7487,11
7552,4
7622,1
7630,49
7692,1
7758,55
7773,11
7788,8
7801,664
7943,71
8027,687
8123,1
8431,1
8450,4
8783,55
2968,45
3089,1
3132,1
3233,4
3254,1
3299,1
3309,4
3312,4
3353,45
3391,4
3600,1
3608,1
3899,11
3921,115
4250,30
4267,19
4278,16
4408,25
4425,1
4655,34
4896,122
4947,1
5078,16
5201,1
5284,19
5318,1
5362,45
5426,1
5562,1
5571,25
5630,1
5795,1
5928,1
6043,11
6185,11
6390,1
6467,1
6505,32
6577,1
6650,8
6800,11
6888,46
7084,1
7149,1
7532,4
7634,1
7734,1
8271,1
8288,37
8308,11
2994,1
3021,19
3098,124
3481,45
3588,354
3669,31
3721,11
3747,1
3872,1
3901,45
3928,45
3970,1
4029,253
4195,1
4384,410
4450,100
4453,25
4470,25
4546,424
5208,1
5464,1
5500,1
5510,1
5552,1
5602,1
5748,503
5785,11
5813,1
5930,39
6287,45
6514,114
6557,4
6576,1
6683,576
6701,45
6714,6
6752,1
6779,4
6876,11
7061,32
7140,1
7465,1
7636,95
7647,1
7672,11
7674,1
8023,39
8100,1
8340,1
8344,1
8361,1
8481,11
8492,49
8602,1
8692,745
8728,1
2778,11
2786,1
3055,60
3107,1
3199,1
3290,4
3389,14
3512,11
3614,1
3658,1
3723,124
3940,4
3965,4
4306,399
4336,11
4397,11
4641,19
4785,11
5039,34
5072,1
5330,45
5389,108
5647,16
5685,1
5826,36
6085,525
6141,1
6174,24
6251,540
6276,544
6344,11
6848,11
7153,45
7450,11
7474,37
7511,45
7530,1
7665,6
7685,338
7821,1
7852,1
8239,1
8270,15
8341,11
8440,1
8468,4
8484,117
8606,1
8609,737
8673,4
2960,11
2998,19
3074,8
3287,16
3486,11
3556,14
3594,45
3803,1
4006,11
4007,11
4062,382
4302,1
4332,4
4373,14
4444,1
4702,117
4722,122
5030,1
5049,1
5091,1
5402,45
5465,1
5688,500
6035,19
6088,1
6165,11
6219,1
6700,578
6890,4
7113,608
7344,1
7362,15
7401,34
7467,1
7581,1
7623,1
7625,124
7670,124
7687,25
7715,1
7863,1
7952,1
8001,1
8033,31
8137,697
8283,37
8389,1
8444,1
8478,11
8613,55
8617,25
8711,1
8712,11
8733,1
2953,11
2988,8
3201,4
3267,49
3269,11
3401,25
3433,39
3869,1
3897,8
3906,311
3913,1
4014,11
4070,11
4171,1
4289,1
4420,1
4710,19
4758,206
4839,4
4890,19
4891,448
4923,137
4930,16
5004,11
5537,487
6013,4
6032,19
6104,1
6121,4
6143,1
6373,11
6592,45
6777,1
7120,4
7249,25
7688,11
7808,32
7880,1
8186,1
8379,1
8555,63
3148,165
3202,19
3246,120
3268,8
3518,1
3660,1
3666,14
3796,115
3960,11
4128,11
4346,4
4403,1
4614,45
4627,1
4678,1
4687,4
4894,4
4897,122
4935,450
5323,477
5397,25
5616,45
5659,39
5666,1
5678,11
5730,1
5898,71
6204,1
6231,114
6288,1
6327,1
6328,4
6483,11
6507,562
6807,1
6866,1
7024,16
7232,37
7298,1
7436,1
7461,11
7547,1
7610,1
7828,1
8071,298
8216,4
8369,1
8460,11
8577,82
8595,45
2782,1
2805,39
2983,30
3166,4
3478,16
3534,1
3685,1
3777,14
3802,4
3997,11
4066,1
4134,1
4448,4
4557,11
4790,39
4838,185
4921,1
4959,11
5383,1
5436,1
5463,39
6093,1
6133,11
6239,1
6266,1
6575,1
6857,1
6942,55
6956,598
7293,1
7352,1
7372,4
7440,27
7666,11
7942,11
8016,1
8040,1
8053,386
8140,1
8345,6
8391,1
8417,1
8549,45
2790,25
2882,60
2883,4
3007,325
3182,335
3413,4
3473,1
3639,59
3739,1
3774,11
3915,4
4023,30
4310,1
4391,81
4554,19
4753,1
4883,36
5034,15
5131,1
5162,1
5175,1
5206,1
5267,473
5312,4
5338,45
5345,1
5725,45
5742,285
5772,25
6187,40
6316,1
6451,1
6523,16
6581,1
6950,1
7210,63
7267,45
7296,1
7415,45
7419,16
7582,11
7872,1
8061,1
8504,21
8517,63
8524,1
2803,19
2815,11
2947,194
2969,81
2973,16
3181,6
3395,27
3511,351
3631,4
3712,194
3888,4
3900,11
4059,4
4099,30
4579,425
4721,122
4731,1
5033,15
5181,1
5505,1
5687,1
6236,37
6448,63
6627,194
6734,39
6787,34
7018,8
7176,1
7499,45
8119,1
8214,1
8272,1
8452,725
8663,741
8744,4
2895,11
2928,27
3160,1
3167,4
3273,1
3377,1
3532,1
3784,15
3842,11
3895,11
3980,11
4055,1
4147,11
4587,1
4667,1
4696,433
4760,4
4875,1
4887,11
5618,1
5645,11
5650,100
5815,27
5823,1
5837,1
5891,4
5950,244
6000,45
6098,1
6311,1
6334,11
6396,36
6399,11
6433,45
6440,557
6461,560
6544,3
6569,101
6664,27
6981,11
7076,11
7143,1
7197,11
7285,621
7384,27
7420,631
7472,1
7676,19
7746,657
7932,11
8074,11
8235,7
8695,4
8750,21
2840,36
2908,16
3008,1
3011,92
3044,19
3236,4
3432,1
3480,4
3496,117
3580,4
3679,1
3839,11
4141,11
4203,1
4501,1
4556,19
4718,435
4778,19
4856,1
4895,34
4941,45
4983,11
5168,1
5296,165
5732,59
5774,505
5883,24
5924,4
6082,4
6201,1
6228,11
6254,541
6590,4
6745,11
6820,11
6909,45
7000,1
7001,45
7104,296
7326,206
7489,31
7500,45
7551,124
7709,25
7751,1
7831,1
8066,16
8177,45
8282,1
8464,1
8525,1
2238,39
2929,8
2942,1
3321,4
3632,1
3683,1
3767,11
4272,1
4669,45
4672,1
4974,39
5227,11
5234,1
5304,59
5307,1
5413,1
5607,1
5718,1
5975,8
6202,1
6209,1
6512,1
6821,1
6974,573
7006,25
7008,1
7212,1
7229,71
7260,25
7425,11
7536,1
7606,8
7620,25
7994,63
8158,700
8197,1
8320,1
8329,49
8336,1
8346,11
8438,4
8519,11
8637,11
3222,8
3245,11
3260,1
3346,1
3380,1
3394,27
3434,11
3458,11
3539,11
3601,1
4144,11
4229,1
4512,34
4592,1
4661,4
4737,437
5015,16
5037,31
5113,71
5123,16
5139,1
5157,1
5473,25
5527,25
5626,1
5694,45
5745,11
5793,509
5855,1
6047,11
6067,1
6163,1
6462,1
6641,11
6670,11
6736,59
6997,55
7098,11
7157,611
7207,1
7315,1
7409,1
7457,220
7562,642
7592,11
7664,1
7874,45
8360,45
8507,119
8514,1
8675,1
8677,370
2958,1
3125,34
3258,60
3280,20
3527,4
3681,8
3932,4
3962,11
3979,380
4097,11
4102,45
4118,1
4204,100
4282,1
4996,8
5032,15
5246,4
5366,1
5385,8
5627,1
5632,45
5651,6
5652,25
5663,45
5737,34
5791,1
5792,1
5876,15
6169,45
6367,55
7194,617
7214,1
7320,4
7324,120
7391,39
7574,1
7783,1
7878,63
8075,32
8234,82
8416,1
8689,45
2772,4
2841,34
3014,45
3022,326
3112,331
3483,19
3488,59
3529,100
3530,55
3582,1
3864,49
4104,11
4287,4
4292,11
4516,6
4585,1
4944,11
4952,60
5006,125
5066,1
5403,45
5408,1
5538,34
5573,1
5578,1
5612,60
5640,11
5676,45
5900,179
6005,16
6164,1
6355,30
6899,45
6918,595
7031,6
7074,103
7106,11
7311,1
7691,11
7763,1
7799,11
7915,103
8005,45
8050,1
8083,678
8224,708
8326,45
8544,11
8572,45
8616,1
8745,4
8792,55
2990,4
3094,59
3223,336
3317,1
3963,4
3972,11
4060,1
4120,272
4459,11
4484,45
4529,120
4643,6
4651,11
4706,30
4908,19
4955,122
5001,19
5104,6
5253,140
5373,12
5516,11
5559,1
5570,32
5593,49
5653,49
5671,45
5672,4
5739,1
5751,4
6353,1
6401,19
6716,580
6965,45
7186,616
7195,115
7204,1
7322,19
7390,57
7397,1
7534,1
7604,25
7621,647
7711,11
7739,1
7855,1
7933,4
8032,1
8192,39
8268,19
8298,1
8311,1
8487,1
8685,4
2886,1
3028,100
3072,1
3838,11
3849,4
3896,25
3939,45
3975,11
3981,11
3995,11
4039,1
4200,1
4260,4
4654,11
4684,39
4695,432
4756,34
4795,442
4842,117
4970,1
5018,16
5212,1
5776,206
5809,1
5844,1
6004,100
6045,11
6241,124
6264,1
6318,4
6346,4
6662,1
6666,45
6860,11
6973,39
7395,11
7546,641
7667,4
7700,85
7732,1
7812,1
7896,675
7903,4
7965,681
8031,688
8046,1
8047,1
8244,1
8501,4
2931,4
3023,327
3498,36
3531,37
3659,1
4263,8
4288,89
4436,1
4467,25
4479,419
4513,4
4536,422
4561,1
4573,92
5228,1
5399,1
6184,185
6194,59
6616,198
6727,582
6772,25
7101,4
7179,220
7275,45
7480,1
7631,6
8162,34
8713,4
8802,1
2900,20
2904,16
3243,11
3318,4
3425,1
3427,11
3451,11
3514,32
3550,16
3620,11
3693,1
3707,194
3966,11
4103,11
4174,34
4361,1
4462,11
4547,4
4717,4
4845,1
4982,11
5108,34
5334,19
5346,4
5349,1
5398,19
5503,1
5567,4
5712,1
5835,4
5853,4
6230,11
6273,1
6281,1
6550,1
6702,1
6785,1
6872,314
6994,128
7016,124
7077,92
7134,45
7180,1
7304,49
7928,1
8010,4
8267,25
8400,119
8436,11
2809,1
2965,19
3155,4
3177,334
3363,63
3367,63
3787,60
3930,4
4245,1
4445,11
4461,15
4542,16
4560,1
4809,1
4846,25
4867,1
4888,45
4980,1
5007,45
5074,1
5344,19
5406,19
5646,1
5787,508
6042,107
6044,1
6125,4
6167,1
6238,1
6409,1
6444,558
6491,1
6524,8
6811,588
6914,1
6957,4
7049,603
7114,45
7231,45
7234,125
7244,1
7355,1
7926,1
8006,1
8008,1
8153,1
8315,4
8352,82
8655,740
8684,140
8694,1
8758,1
2867,1
2868,318
2921,38
2939,1
3039,60
3097,234
3101,1
3137,45
3152,194
3522,6
3536,4
3699,16
4115,11
4237,394
4319,11
4358,1
4836,16
4843,4
5102,60
5136,34
5331,1
5534,1
5710,1
5851,16
5867,45
5905,296
6014,1
6046,1
6124,60
6156,8
6255,39
6324,8
6499,70
6562,206
6765,1
6891,1
7019,8
7199,1
7291,19
7371,626
7494,11
7563,45
7663,1
7690,1
7748,1
7885,16
8070,82
8126,45
8496,1
8528,1
8756,1
2870,253
3024,4
3130,4
3286,340
3293,45
3342,7
3376,4
3501,114
3636,59
3724,100
3753,32
3760,1
3837,1
3840,11
3976,11
4004,11
4101,4
4164,8
4258,34
4329,4
4351,4
5125,19
5198,467
5421,39
5486,484
5698,24
5750,63
5843,70
5921,1
5931,27
6155,25
6170,1
6326,550
6459,560
6478,32
6626,1
6724,4
6992,600
7190,1
7230,45
7334,4
7731,1
7838,1
7859,1
7917,11
8042,11
8196,32
8246,4
8418,27
8429,194
8748,30
8749,45
8772,60
8774,82
2836,206
3198,59
3292,341
3680,4
3806,11
4177,34
4283,51
4303,1
4490,19
4701,121
4831,1
4942,1
4958,1
5008,25
5012,455
5193,16
5380,6
5418,194
5557,19
5658,1
5668,19
5800,11
5954,38
5955,8
6080,4
6387,1
6423,120
6677,62
6708,100
6755,3
6812,1
6975,1
7208,45
7271,36
7330,94
7439,8
7653,1
7721,63
7752,45
7941,11
8011,60
8090,4
8161,25
8205,705
8230,710
8231,710
8729,4
3335,11
3485,45
3714,8
3834,11
4035,1
4044,4
4321,404
4412,413
4471,11
4623,1
4673,1
4775,11
5045,1
5079,16
5432,1
5446,45
5460,1
5669,498
6073,4
6183,1
6208,45
6385,11
6604,120
6625,11
6631,11
6705,1
6966,51
7122,11
7171,45
7273,4
7398,1
7514,4
7603,6
8076,49
8087,1
8097,1
8151,70
8201,704
8432,1
8522,306
8564,34
8700,1
8739,4
8763,4
8765,11
8795,4
2806,30
2936,125
3041,1
3248,1
3345,1
3421,14
3545,11
3618,1
3704,124
3792,125
3848,1
4224,4
4243,19
4344,1
4388,411
4550,19
5251,45
5405,1
5420,1
5575,1
6024,4
6146,4
6245,4
6389,45
6473,32
6549,1
6691,25
6693,11
6850,11
6937,106
7646,1
7759,272
7826,1
7968,146
8056,1
8077,11
8172,701
8195,703
8211,1
8213,1
8529,731
8548,1
8633,6
8638,11
8659,1
8746,70
8798,55
